id,이메일,병원명,지역,진료과목,전화번호,웹사이트,발송여부,오픈,오픈시간,클릭,클릭시간
4a0093db,hswdreams@hanmail.net,365연세의원,서울 성동구,,02-2291-2211,https://365ysm-mo4.imweb.me,,,,,
7c2a6496,hello.studioplanc@gmail.com,감사한내과의원,서울 동대문구,,02-3298-6725,https://www.gamsahanclinic.com,,,,,
c1d2cc7c,mybeauty2010@naver.com,강가정의학과의원,서울 동대문구,,02-2244-2335,http://www.drkang4u.com/,,,,,
afe34e3a,everscd01@naver.com,강남닥터에버스의원,서울 강남구,,02-2138-0777,https://evers15.co.kr/,,,,,
e5a555d7,trustnhope@naver.com,강남닥터에버스의원,서울 강남구,,02-2138-0777,https://evers15.co.kr/,,,,,
e0290bdf,jmw2704@danacreative.kr,강남더슬림의원,서울 서초구,,02-547-9877,https://www.youtube.com/@slimTV,,,,,
46d0c1e3,webtick@gmail.com,강남미앤미의원,서울 서초구,,02-567-1102,http://gn.branch.mimimi.co.kr/event/event_list.php,,,,,
61079696,ilikedoc@naver.com,강남성모내과의원,서울 동작구,,02-581-7582,http://knsungmo.ilikedoc.kr,,,,,
8c65efc8,helpcustomer@naver.com,강남연세외과의원,서울 서초구,,02-522-1905,https://www.gnysbreast.com,,,,,
5dc6d0f4,mdvision@nate.com,강남유앤아이의원,서울 강남구,,02-6927-6022,http://www.uni114.co.kr,,,,,
24bb688c,timetime2022@naver.com,강남타임의원,서울 강남구,,02-6353-0572,http://www.gangnamtime.com,,,,,
b3cb696b,periclinic@naver.com,강남피어리의원,서울 강남구,,02-515-0202,http://www.periclinic.com/,,,,,
a139b00f,boaz_ent@naver.com,강북보아스이비인후과의원,서울 강북구,,02-980-1530,http://www.boazsleep.co.kr,,,,,
6ce7eddb,st-pain@naver.com,강북성모내과의원,서울 강북구,,02-6011-3259,http://www.신통한성모.com/,,,,,
079d3a16,dupaloclinic@gmail.com,강서신경외과의원,서울 강서구,,02-3663-2500,http://www.dupaloclinic.com/,,,,,
43d980e9,support@exampledomain.com,강일연세이비인후과의원,서울 강동구,,02-427-0559,https://giyonsei.com,,,,,
bbfbfe81,drevers86@naver.com,건대닥터에버스의원,서울 광진구,,02-6952-7131,https://www.evers25.co.kr/,,,,,
fd66f50c,goslim123@naver.com,고슬림외과의원,서울 강남구,,070-8657-4074,https://www.goslim.co.kr,,,,,
2e027b6c,info@kojungaclinic.co.kr,고정아의원,서울 강남구,,,http://kojungaclinic.co.kr/,,,,,
1c4632b8,gocheokeutteum@naver.com,고척으뜸내과의원,서울 구로구,,02-2687-7585,http://gcapexmed.com/,,,,,
edc974ef,goldjclinic123@naver.com,골드제이의원,서울 강남구,,02-501-7715,https://goldjclinic.com/,,,,,
7a8ba515,goldjclinic@naver.com,골드제이의원,서울 강남구,,02-501-7715,https://goldjclinic.com/,,,,,
4ac9e03c,u003egoldjclinic123@naver.com,골드제이의원,서울 강남구,,02-501-7715,https://goldjclinic.com/,,,,,
08fb14bf,dreamhealo@naver.com,공덕닥터에버스의원,서울 마포구,,02-711-1606,https://evers16.co.kr/,,,,,
54eaae68,master@gwsooclinic.com,관악수내과의원,서울 관악구,,02-871-1936,http://www.gwsooclinic.com,,,,,
02f1a166,khslaw@hanmail.net,관악오라클피부과의원,서울 관악구,,02-871-8301,http://www.oracleclinic.com/new/doc/net_main.php?netId=6&NVKWD,,,,,
892ba1c1,psj5948@nate.com,관악오라클피부과의원,서울 관악구,,02-871-8301,http://www.oracleclinic.com/new/doc/net_main.php?netId=6&NVKWD,,,,,
77a2a9e6,glowderm@naver.com,광피부과의원,서울 강남구,,02-566-2701,https://glowderm.kr/events,,,,,
df193285,kudo@kudo.kr,구도피부과의원,서울 용산구,,02-749-5005,https://kudo.kr/ko,,,,,
fc831b29,geurimplasticsurgery@gmail.com,그림성형외과의원,서울 강남구,,543-5467,https://www.geurimplasticsurgery.co.kr/,,,,,
60d2f047,glowclinic@naver.com,글로우의원,서울 서초구,,02-2039-2460,https://booking.naver.com/booking/13/bizes/563224,,,,,
aa305067,info@glowport.com,글로우포트의원,서울 강서구,,02-3662-6770,https://glowport.kr/,,,,,
da1d4631,feelsogoodclinic@gmail.com,기분좋은피부과의원,서울 강남구,,02-512-1675,http://www.feelsogoodclinic.com,,,,,
29b3afdf,internationalcenter@gibbeum.com,기쁨소아청소년과의원,서울 노원구,,02-931-7724,http://www.gibbeumhospital.com/,,,,,
bf40836f,kms@painzeroclinic.com,김민석재활의학과의원,서울 도봉구,,02-999-4811,http://www.painzeroclinic.com/,,,,,
9281cc55,ksyclinic38@naver.com,김송이의원,서울 강남구,,02-6406-8443,https://www.ksy-clinic.co.kr/,,,,,
4c63634c,saiur@msn.com,김인섭의원,서울 강남구,,02-529-4318,http://www.kimclinic.net,,,,,
bc544c12,contact@yozmad.com,꼬모의원,서울 용산구,,,https://www.youtube.com/@Healer_moonji,,,,,
2936da18,ilggn@naver.com,나눔의원,서울 강북구,,986-8575,https://www.shareclinic.com/,,,,,
45743500,na-medi@naver.com,나를위한산부인과의원,서울 강남구,,02-539-5004,https://na-medi.com,,,,,
4f6277f8,heaventree1075@naver.com,나무의원,서울 송파구,,02-422-7799,https://heaven-tree.co.kr/web/bbs/content.php?co_id=a01,,,,,
3e12573c,dr_orthonam@naver.com,남정형외과의원,서울 중랑구,,02-2207-8275,https://www.doctornam.com,,,,,
d0dfaabe,official@nuwaclinic.com,너와의원,서울 서초구,,02-581-1668,https://nuwaclinic.com,,,,,
224f8757,doctorevers4@naver.com,노원 닥터에버스의원,서울 노원구,,02-932-2010,https://www.evers4.co.kr,,,,,
017f00f0,company@noteprs.com,노트성형외과의원,서울 서초구,,02-542-0030,http://www.noteprs.com,,,,,
2a49da3c,info@noteprs.com,노트성형외과의원,서울 서초구,,02-542-0030,http://www.noteprs.com,,,,,
c7ec9473,nuvclinic@gmail.com,누브의원,서울 강남구,,02-6207-7179,https://nuvclinic.com,,,,,
85090fc7,admarketeam@gmail.com,뉴리즈의원,서울 송파구,,02-6951-0655,https://newrizz.co.kr/jamsil,,,,,
26a60dcd,newvecompany@gmail.com,뉴브의원,서울 강남구,,031-935-5375,https://www.newve-skinclinic.co.kr/,,,,,
eb1d096e,example@gmail.com,뉴스타의원,서울 서초구,,02-514-6800,http://newstarclinic.co.kr/,,,,,
df9f6dd8,newstarclinic@naver.com,뉴스타의원,서울 서초구,,02-514-6800,http://newstarclinic.co.kr/,,,,,
afd1cbee,nsdental@naver.com,늘사랑의원,서울 노원구,,02-979-0311,http://www.nsdental.co.kr,,,,,
8c7703d3,dybe99@naver.com,다이브의원,서울 성북구,,02-3291-5570,https://dybeclinic.com,,,,,
1faa8b12,diaurology@gmail.com,다이아비뇨의학과의원,서울 마포구,,02-6375-9000,http://diauro.co.kr/,,,,,
de015185,dia_clinic@naver.com,다이아의원,서울 서초구,,,http://www.diaclinic.co.kr,,,,,
e42a6a49,nhorycory@datena.kr,다태나의원,서울 송파구,,02-6952-6980,https://www.youtube.com/@haclinic,,,,,
353894af,doctornewcell@gmail.com,닥터뉴셀의원,서울 강남구,,02-6956-2227,https://drnewcell.com/,,,,,
3648ee0f,drd.clinic8@gmail.com,닥터디자이너의원,서울 영등포구,,02-3667-4842,https://ydp.drdclinic.co.kr/s/zczh0,,,,,
122195a8,doctormi119@gmail.com,닥터미성형외과의원,서울 서초구,,02-6258-8880,http://doctor-mi.com/_html/,,,,,
d7c2ae32,drbasicclininc@gmail.com,닥터베이직의원,서울 강남구,,02-3448-0090,http://www.drbasic.co.kr/,,,,,
964018ec,doctors365@naver.com,닥터스피부과의원,서울 강남구,,1670-1637,http://gongdeok.doctors365.co.kr/,,,,,
d2f9937f,drevers7060@naver.com,닥터에버스의원,서울 마포구,,02-3144-2011,http://evers2.co.kr/,,,,,
dcdbec89,dreversgr@naver.com,닥터에버스의원,서울 구로구,,02-2138-2140,https://evers22.co.kr/,,,,,
9dac7375,lalalandrara@naver.com,닥터에버스의원 목동,서울 양천구,,02-6956-2015,https://evers10.co.kr/,,,,,
8e0ca50a,dr_wellness@naver.com,닥터웰니스의원,서울 강남구,,02-3447-3101,http://www.drwellness.co.kr,,,,,
f4cfb29a,contact@drtakps.com,닥터탁성형외과의원,서울 서초구,,,https://drtakps.com,,,,,
e5ceb1e4,drpain@nate.com,닥터포유의원,서울 마포구,,02-334-8840,http://dr4u.co.kr/,,,,,
35146e5b,ji372@naver.com,단아의원,서울 중구,,02-779-7412,http://myeongdongclinic.com/,,,,,
053ddf05,daontheme@daum.net,대치더블유내과의원,서울 강남구,,02-539-9939,http://w-med.co.kr,,,,,
b3e26056,saemmulskin@gmail.com,대치샘물피부과의원,서울 강남구,,02-564-1191,http://saemmulclinic.co.kr/,,,,,
f60d806e,sdhpain@gmail.com,대힐마취통증의학과의원,서울 양천구,,02-2654-0345,http://sdhpain.com/,,,,,
ed58c0ff,thecclimd@naver.com,더끌림피부과의원,서울 송파구,,02-402-0220,http://www.the-cclim.co.kr/?r=p,,,,,
744a6527,derna.gangnam@gmail.com,더나의원,서울 서초구,,02-3478-8970,https://dernaclinic.com,,,,,
4b01f408,dermaster123@naver.com,더마스터의원,서울 강남구,,02-563-7080,http://www.dermasterclinic.com/,,,,,
c2053e0a,mentor7870@naver.com,더멘토성형외과의원,서울 강남구,,0507-1311-7876,http://www.thementorps.com/,,,,,
dc51a192,nthecellskin@naver.com,더서울피부과의원,서울 강남구,,02-514-8575,https://www.youtube.com/@thecellskin,,,,,
c65c170c,thecellskin@naver.com,더서울피부과의원,서울 강남구,,02-514-8575,https://www.youtube.com/@thecellskin,,,,,
63394636,theskinny2@naver.com,더스키니의원,서울 서초구,,,http://theskinny.co.kr,,,,,
2ff77d5d,deraan2023@naver.com,더안청담의원,서울 강남구,,02-0000-0000,https://aanclinic.com,,,,,
4a9a114c,dark_nemesis@naver.com,더왈츠의원,서울 서초구,,02-2052-0002,https://thewalts.co.kr/,,,,,
f04593cd,dbalsl0005@gmail.com,더웰니스의원,서울 서초구,,,https://thewellnessclinic.co.kr/,,,,,
a2becd4d,doctor1h11@gmail.com,더이다의원,서울 중구,,02-533-6695,https://www.idaclinic.io/,,,,,
d795fa51,strider0622@naver.com,더케어클리닉의원,서울 송파구,,02-6285-2021,http://thecareclinic.kr,,,,,
9cceb402,micha87@naver.com,더탑성형외과의원,서울 강북구,,02-993-5000,http://thetop-ps.co.kr/,,,,,
3b12ba01,pride@prideps.co.kr,더프라이드성형외과의원,서울 강남구,,02-549-8001,https://thepride.co.kr,,,,,
65a97ca4,theprideps2025@naver.com,더프라이드성형외과의원,서울 강남구,,02-549-8001,https://thepride.co.kr,,,,,
cc74828a,thepeakclinic.cheongdam@gmail.com,더피크의원,서울 강남구,,02-6953-5874,http://thepeakclinic.com,,,,,
75d0847c,donghwn@naver.com,더픽스성형외과의원,서울 강남구,,02-592-2860,http://Thefixps.com,,,,,
5a961d4c,dilis109@naver.com,데이뷰의원,서울 광진구,,02-465-7791,https://daybeauclinic08.com,,,,,
09d04031,delphic.hr@gmail.com,델픽의원,서울 강남구,,02-511-8818,https://www.delphic.co.kr,,,,,
f86a64e7,khs@dongins.com,동인외과의원,서울 금천구,,02-868-3523,http://www.dongins.com/index/,,,,,
9e26b396,clinic.deor@gmail.com,드올의원,서울 강남구,,02-6959-4688,http://deorclinic.com/,,,,,
1528eff7,jstory76@naver.com,디마레의원,서울 강남구,,02-511-4414,http://www.dimare.co.kr/,,,,,
5494a850,diavclinic@gmail.com,디아브의원,서울 중구,,02-318-1314,https://diav.clinic,,,,,
a2d47814,da-general2@naver.com,디에이성형외과의원,서울 강남구,,02-515-4600,http://www.daprs.com/,,,,,
dd5eb177,daprs1@naver.com,디에이성형외과의원,서울 강남구,,02-515-4600,http://www.daprs.com/,,,,,
54cb664a,official@da-dosan.com,디에이피부과의원,서울 강남구,,02-512-3300,https://www.daderma.com/,,,,,
d65716ba,themderma@naver.com,디엠피부과의원,서울 강남구,,02-3445-0803,http://dmdermatology.co.kr/,,,,,
7ce37433,contact@dodskinys.com,디오디피부과의원,서울 강남구,,02-6203-6263,http://dodskinys.com,,,,,
84f7be9b,lewis@abigtree.kr,디온의원,서울 송파구,,02-6949-3310,https://theonclinic-js.com,,,,,
c86b7354,yhhcw6@hanmail.net,똑바로정형외과의원,서울 양천구,,2607-0001,http://똑바로정형외과.com,,,,,
8c146e3a,mkkim@gmail.com,라더마의원,서울 성북구,,02-922-7550,http://www.laderma.co.kr/,,,,,
e3c1bb65,lara@laraps.co.kr,라라성형외과의원,서울 강남구,,02-532-8078,http://www.laraps.co.kr/,,,,,
27e2872e,lavianps1000@gmail.com,라비앙의원,서울 강남구,,02-543-1000,https://www.youtube.com/@lavian/featured,,,,,
e956834f,laviche_clinic@naver.com,라비체의원,서울 강남구,,02-6346-1234,https://lavicheclinic.com/,,,,,
32eda5c5,lifeclinic7111@naver.com,라이프의원,서울 강남구,,02-529-7111,http://www.lifeclinic.co.kr/,,,,,
4299de4c,lineculture1@gmail.com,라인컬처의원,서울 강남구,,02-543-0070,http://www.line-culture.com/,,,,,
f2565998,m.minahh@hanmail.net,러쉬성형외과의원,서울 강남구,,02-6245-7575,http://www.lushps1.com/,,,,,
a2444488,nredi_skin_official@naver.com,레디피부과의원,서울 서초구,,02-522-6227,https://youtube.com/피부일타민원장,,,,,
5a57f343,ntenriver@naver.com,레디피부과의원,서울 서초구,,02-522-6227,https://youtube.com/피부일타민원장,,,,,
9a1762fb,redi_skin_official@naver.com,레디피부과의원,서울 서초구,,02-522-6227,https://youtube.com/피부일타민원장,,,,,
c629daaa,tenriver@naver.com,레디피부과의원,서울 서초구,,02-522-6227,https://youtube.com/피부일타민원장,,,,,
2022ff91,info@reageau.com,레아주서울피부과의원,서울 강남구,,02-6954-7501,http://reageau.com,,,,,
a5bdb710,ladyuro11@gmail.com,레이디유로비뇨기과의원,서울 강남구,,,http://www.ladyuro.com/,,,,,
dcf0b50e,repic.gn.official@gmail.com,레픽의원,서울 강남구,,02-6395-0312,https://repicclinic.com/,,,,,
794562b2,roadps@naver.com,로드성형외과의원,서울 강서구,,02-2699-9029,http://www.roadps.co.kr/,,,,,
b6029ea0,laurel@laurel.com,로렐의원,서울 강남구,,02-543-0407,https://www.laurelclinic.com/,,,,,
c4a30156,lohascare@yahoo.co.kr,로하스가정의학과의원,서울 용산구,,02-790-7470,http://www.lohascare.org/index.asp,,,,,
8b063b1b,lunawclinic@naver.com,루나여성의원,서울 마포구,,02-6393-5530,http://lunaclinic.co.kr/,,,,,
b002171d,clinic.lumi@gmail.com,루미의원,서울 송파구,,02-419-1900,https://www.lumiclinic.co.kr/,,,,,
0707e41e,luelclinic@gmail.com,루엘의원,서울 강남구,,02-514-1011,https://luelclinic.com/,,,,,
3bb33f05,luelclinic@naver.com,루엘의원,서울 강남구,,02-514-1011,https://luelclinic.com/,,,,,
6f3a1e87,lupiel@lupiel.co.kr,루피엘의원,서울 강남구,,02-516-8890,http://www.lupiel.co.kr,,,,,
e2e9d299,lesommetclinic@naver.com,르쏘메의원,서울 강남구,,02-543-8754,https://lesommetclinic.com,,,,,
19e80906,hnpm0224@gmail.com,리네아의원,서울 강서구,,02-3662-7050,https://lineaclinic.co.kr,,,,,
a1f6e912,jnderm@daum.net,리뉴피부과의원,서울 동작구,,02-813-8111,http://renewskin.co.kr/,,,,,
496b3c7b,reraskino@gmail.com,리라피부과의원,서울 강남구,,02-512-4568,http://reraskin.com,,,,,
cc349a0a,reborncorea@gmail.com,리본의원,서울 동작구,,02-6964-8575,http://reborncorea.com/,,,,,
b5b4340c,libhibclinic@libhibclinic.com,리브힙의원,서울 서초구,,02-6204-8888,https://www.libhibclinic.com,,,,,
17c307b3,yhj5881@naver.com,리비안의원,서울 강남구,,02-546-0159,http://rebian.itrocks.kr/,,,,,
4bd68600,leenahn@naver.com,리앤안의원,서울 강동구,,02-482-6622,http://www.leeahnclinic.co.kr,,,,,
d59a2eaf,lieul@naver.com,리을피부과의원,서울 강남구,,02-511-1030,https://lieulseoul.com/,,,,,
4c7ac661,switzskin@naver.com,리을피부과의원,서울 강남구,,02-511-1030,https://lieulseoul.com/,,,,,
e6d2ba62,returnclinic21@gmail.com,리턴의원,서울 서초구,,,http://www.returnclinic.com/,,,,,
1bd50b68,nartnavi2022@naver.com,리프업의원,서울 송파구,,02-6428-0028,https://youtu.be/uJSx1XM5yws?si=OyAlWzrDO8xeA0-u,,,,,
b221ef8c,relieve5@naver.com,릴리브의원,서울 강남구,,02-2138-2775,https://www.relieveclinic.co.kr,,,,,
9960575e,mdsclinic@naver.com,마들수내과의원,서울 노원구,,02-6314-7575,http://www.madeulsoo.co.kr,,,,,
9b38c72c,madire@naver.com,마디신경외과의원,서울 강북구,,02-985-5015,https://madire.mobidoc.us/,,,,,
bef99158,marianneclinic@naver.com,마리앤여성의원,서울 서초구,,02-512-5652,https://booking.naver.com/booking/13/bizes/312939,,,,,
bbac839a,akrjsaud13@naver.com,마이닥터의원,서울 동작구,,02-522-1020,http://www.mydrclinic.co.kr/,,,,,
4bd5668a,mindprs@mindprs.com,마인드성형외과의원,서울 서초구,,02-542-1006,http://www.mindprs.com,,,,,
b30959b8,minepscom@gmail.com,마인성형외과의원,서울 강남구,,516-1175,http://www.mineps.com,,,,,
5dc58058,mpleaders@naver.com,마포리더스내과의원,서울 마포구,,02-324-0077,https://mapoleaders.com,,,,,
96c03f54,mapomedcoop@naver.com,마포의료복지사회적협동조합 무지개의원,서울 마포구,,02-326-0611,http://www.mapomedcoop.net/,,,,,
d57d6a10,pigges@daum.net,매직피부과의원,서울 강남구,,02-3453-3114,http://www.emagicskin.com,,,,,
581cb3bf,fark0909@naver.com,메가비뇨의학과의원,서울 관악구,,02-871-7575,http://www.uromega.kr,,,,,
c94a02d5,masonclinic@naver.com,메이슨의원,서울 서초구,,02-534-3900,https://masonclinic.kr/,,,,,
c57de596,maison433@naver.com,메종드엠의원,서울 서초구,,02-533-7001,https://mdem.co.kr,,,,,
009d3f19,mendclinic.hannam@gmail.com,멘드의원,서울 용산구,,02-595-5110,http://www.mendclinic.kr/,,,,,
5ad4112d,urokhjna@naver.com,멘파워비뇨의학과의원,서울 강동구,,02-6958-7581,http://www.edgemenpower.com/,,,,,
a2555802,chun6698@naver.com,모다올의원,서울 강남구,,02-6481-0010,http://modaol.co.kr/,,,,,
a76eb3b5,urgaia@naver.com,모리의원,서울 강남구,,02-562-8878,http://www.clicktalmo.com,,,,,
0355823f,rich@richhair.com,모리치피부과의원,서울 강남구,,02-518-6888,http://richhair.com/,,,,,
36d98009,moamanclinic@naver.com,모아만의원,서울 강남구,,02-543-0033,https://www.moaman.kr/,,,,,
f0bafd3d,younghair337@naver.com,모아트의원,서울 강남구,,02-511-9966,https://www.youtube.com/channel/UCcIp614Det35Z00F4NtvsRQ,,,,,
c1644e70,mohong306@naver.com,모앤제일의원,서울 강남구,,02-557-3312,http://www.moandjeil.com,,,,,
50471e0e,e-mail.moemhair@gmail.com,모엠의원,서울 강남구,,02-552-0301,https://www.moem-hair.com/,,,,,
51707237,moudaclinic@naver.com,모우다의원,서울 강남구,,02-6953-5890,https://moudaclinic.com,,,,,
77904885,mo1hairps@gmail.com,모원성형외과의원,서울 강남구,,02-543-1190,https://www.mo1.co.kr,,,,,
cb243499,mo1hairps@naver.com,모원성형외과의원,서울 강남구,,02-543-1190,https://www.mo1.co.kr,,,,,
c0d471f7,monsterclinic@naver.com,몬스터의원,서울 강남구,,02-543-2488,http://www.monsterclinic.com,,,,,
199397e8,moonclinic8@naver.com,문의원,서울 강남구,,02-3443-8979,http://www.moonclinic.co.kr/,,,,,
e8eacb4d,family6105@naver.com,미드나잇의원,서울 강남구,,02-515-7585,https://www.midnightclinic.co.kr,,,,,
8b53ca0d,momo6821@hanmail.net,미드나잇의원,서울 강남구,,02-515-7585,https://www.midnightclinic.co.kr,,,,,
d197cd76,dr.woothera@gmail.com,미모던피부과의원,서울 강남구,,02-6207-5238,https://youtube.com/@닥터우쎄라,,,,,
5ba0b236,mimodream_ch@naver.com,미모드림의원,서울 강동구,,02-2038-2707,https://booking.naver.com/booking/13/bizes/196159,,,,,
ae26d3b1,kimhhfm@naver.com,미앤아이의원,서울 마포구,,02-2061-6588,http://mw-meiclinic.co.kr,,,,,
ec3eb831,jdwhang@empas.com,미예담산부인과의원,서울 강남구,,02-581-7500,http://www.miyedam.com/,,,,,
f8c6a4f8,swing1984@naver.com,미예담산부인과의원,서울 강남구,,02-581-7500,http://www.miyedam.com/,,,,,
b7f2cdcf,miindo6634@gmail.com,미인도의원,서울 강남구,,02-545-6634,http://www.miindoclinic.com,,,,,
e22a0fda,miindo9929@gmail.com,미인도의원,서울 강남구,,02-545-6634,http://www.miindoclinic.com,,,,,
6fe8fbdf,mizainps@naver.com,미자인의원,서울 강남구,,1599-3008,http://www.mizainsurgery.com,,,,,
c6178002,pkwangin@naver.com,미큐의원,서울 강남구,,313-4566,http://www.miqclinic.com,,,,,
2beea6f8,hyunmi3209@naver.com,민내과의원,서울 관악구,,02-835-6400,https://m.booking.naver.com/booking/13/bizes/937287?theme=place&area=pll,,,,,
b3f7ad56,bodyupclinic@gmail.com,바디업의원,서울 강남구,,02-518-1011,https://www.bodyupclinic.com,,,,,
06ce4471,15874919@hanmail.net,바로바디의원,서울 송파구,,02-431-5714,http://barobadi.com/,,,,,
fcc6b4a5,huey75@gmail.com,바로바디의원,서울 송파구,,02-431-5714,http://barobadi.com/,,,,,
95b310a0,babiline1004@naver.com,바비라인의원,서울 강남구,,02-546-6633,http://babiline-clinic.com/,,,,,
e831e04e,hslee03@kma.org,박노준산부인과의원,서울 강동구,,02-483-3600,http://www.pnjobgy.com/,,,,,
a79fb664,psjclinic@naver.com,박상준의원,서울 영등포구,,02-2039-9111,https://www.fitnessworld.co.kr/,,,,,
112936dd,zoeclinic@naver.com,박성주조에피부과의원,서울 강남구,,02-2058-0730,http://www.zoeclinic.com/,,,,,
9dc00aa6,asp0804@naver.com,박앤박피부과의원,서울 관악구,,02-888-0750,http://www.parknpark.co.kr/,,,,,
36f05b65,doc0915@naver.com,밝은내일내과의원,서울 금천구,,02-6933-0003,https://naeilclinic.modoo.link/,,,,,
b90b4c13,vandsps@naver.com,밴스성형외과의원,서울 강남구,,02-511-7705,https://vandsps.com/,,,,,
e4a7b2ad,balance.lab.mm@gmail.com,밸런스랩성형외과의원,서울 강남구,,1661-8581,http://balancelab.kr,,,,,
496c69c7,bettermemagok@naver.com,베러미의원,서울 강서구,,02-6349-9000,https://magoknaru.bettermeclinic.co.kr/,,,,,
c2618648,haenashin1225@gmail.com,베러미의원,서울 서초구,,1644-8180,https://gangnam.bettermeclinic.co.kr/,,,,,
33c8728b,hoo1465@nate.com,베스트웰피부과의원,서울 강남구,,02-511-3713,http://압구정피부과.kr/,,,,,
2804b42c,ask@bethelskin.com,벧엘피부과의원,서울 강남구,,02-532-3110,http://bethelskin.com,,,,,
691df000,bellebeauclinic@daum.net,벨뷰의원,서울 서초구,,02-533-1200,http://bellebeau.co.kr/,,,,,
5f1ccb22,bellepointclinic@gmail.com,벨포인트의원,서울 강남구,,02-548-1358,https://bellepoint.co.kr,,,,,
ec8ccd3d,vosdrhong@gmail.com,보스피부과의원,서울 강남구,,1668-1800,https://www.vos.co.kr,,,,,
fc6b46fa,chambarunmi@naver.com,본라인의원,서울 강남구,,02-562-1472,http://www.boneline.co.kr/,,,,,
ec393ebd,email.boneeye@boneeye.co.kr,본아이성형외과의원,서울 서초구,,02-1899-7233,http://www.boneeye.co.kr,,,,,
ee962dca,email@bonyeon77.com,본연성형외과의원,서울 서초구,,02-6953-9016,https://www.bonyeon77.com,,,,,
577298a4,chosukkyong79@gmail.com,봄빛의원,서울 용산구,,02-6951-2870,https://www.bomvitclinic.com,,,,,
612a42d7,vlprs@naver.com,뷔엘성형외과의원,서울 서초구,,,https://www.vlprs.com,,,,,
ee406207,beautybarplastic@gmail.com,뷰티바성형외과의원,서울 강남구,,02-535-5335,http://beautybarclinics.co.kr/,,,,,
f39d1715,beautyblossom2025@gmail.com,뷰티블라썸의원,서울 마포구,,02-336-7511,https://beautyblossom.kr/,,,,,
a2ba04cb,beautyonmd@gmail.com,뷰티온의원,서울 성북구,,02-6958-8299,https://dolgoji.beautyon.co.kr/event?seq=25,,,,,
5d407e72,beautyquecnn@naver.com,뷰티크의원,서울 서초구,,02-535-2462,https://beautyqueclinic2.com/?utm_source=naver&utm_medium=referral&utm_campaign=PL_CN,,,,,
5ccb5ab4,hihansen@hanmail.net,브라운아이의원,서울 서초구,,3477-7774,http://www.browneye.co.kr,,,,,
e00116b1,wise@gmail.com,브라이트피부과의원,서울 영등포구,,02-6953-5730,https://brightskinseoul-kr.imweb.me/,,,,,
02550a16,vnplastic@naver.com,브이엔성형외과의원,서울 서초구,,02-599-1008,http://www.vnps.co.kr,,,,,
d9508f3d,blancjou@naver.com,블랑쥬의원,서울 서초구,,02-592-5500,http://www.blancjou.com,,,,,
112da57a,blangjou@gmail.com,블랑쥬의원,서울 서초구,,02-592-5500,http://www.blancjou.com,,,,,
2ef0ddfd,kti114@nate.com,비너스의원,서울 강동구,,02-3427-2103,http://www.02-3427-2103.kti114.net,,,,,
165230a5,license@php.net,비너스의원,서울 강동구,,02-3427-2103,http://www.02-3427-2103.kti114.net,,,,,
59b149b1,bespokeclinic@naver.com,비스포크의원,서울 마포구,,02-6925-1777,https://www.youtube.com/@doctorilse,,,,,
5d8a2a49,nodcompany@naver.com,비스포크의원,서울 마포구,,02-6925-1777,https://www.youtube.com/@doctorilse,,,,,
e46e8b15,btps0518@naver.com,비티성형외과의원,서울 서초구,,,https://www.btprs.co.kr,,,,,
fe5e4575,medyams@naver.com,비티에프의원,서울 강남구,,02-542-4067,http://btfclinic.co.kr/,,,,,
925987f1,info@btq.co.kr,비티큐의원,서울 강남구,,070-4131-9048,https://www.btq.co.kr,,,,,
ee7e70cf,vlifps2@naver.com,빌리프성형외과의원,서울 서초구,,02-567-5255,https://vlif.co.kr/06_etc/etc01.php,,,,,
e45180a4,btnd@btnanda.com,빛이난다의원,서울 중구,,02-318-1102,http://btnanda.com,,,,,
7ec94291,saryeoni_clinic@naver.com,사려니의원,서울 영등포구,,02-2671-3041,https://saryeoni-clinic.com/,,,,,
f17b02bf,sanso@naver.com,산소의원,서울 종로구,,02-733-7343,http://www.sansoclinic.co.kr,,,,,
f34328ae,skim2696@hanmail.net,삼성강내과의원,서울 송파구,,02-407-7950,https://sites.google.com/view/skangim,,,,,
38f1ec5a,ss-plus-med01@naver.com,삼성더건강내과의원,서울 강남구,,02-6953-0815,http://ssplusmed.com/,,,,,
928d03ce,gsamsungtop@naver.com,삼성정형외과의원,서울 금천구,,02-858-3307,http://구로삼성탑정형외과.com,,,,,
5631ad99,samsfeel@naver.com,삼성필의원,서울 동작구,,02-821-1001,https://feel-clinic.co.kr/,,,,,
1dfcb3d5,secretyong76@naver.com,상상의원,서울 강남구,,02-424-4895,http://www.ssppeum.com/,,,,,
d784c60b,shinederma11@gmail.com,샤인더마의원,서울 성동구,,02-6951-1870,http://www.shinederma.com,,,,,
848ffbea,shineyoungclinic@naver.com,샤인영의원,서울 광진구,,02-497-9191,http://www.shineyoungclinic.com/,,,,,
30c1727e,01198765403@naver.com,샤인의원,서울 양천구,,02-2654-4440,http://shineclinic7.com/,,,,,
06299e43,snubom2024@naver.com,서울늘봄메디칼내과의원,서울 구로구,,02-2675-3247,http://www.snuneulbom.com,,,,,
505a5f3f,seoulbonimclinic@gmail.com,서울본내과의원,서울 마포구,,02-3143-2220,https://www.seoulbon.co.kr/,,,,,
f9b6705f,drkoocokr@naver.com,서울삼성여성의원,서울 송파구,,02-2202-0230,http://www.drkoo.co.kr,,,,,
c25db583,ssos@ssos.co.kr,서울삼성정형외과의원,서울 강서구,,02-2666-9677,http://www.ssos.co.kr,,,,,
a7569cd0,support@gmail.com,서울삼성정형외과의원,서울 강서구,,02-2666-9677,http://www.ssos.co.kr,,,,,
f11b8a28,idealja@naver.com,서울안내과의원,서울 마포구,,02-325-8708,https://www.littledoctor.co.kr/,,,,,
cfc68578,info@medica.com,서울유정갑외과의원,서울 서초구,,02-534-4205,http://www.seoulbreast.com/,,,,,
81d3914c,moreekim@naver.com,서울유정갑외과의원,서울 서초구,,02-534-4205,http://www.seoulbreast.com/,,,,,
6194582a,cnnasanos777@naver.com,서울정형외과의원,서울 강동구,,02-473-7573,http://cnnasanos.co.kr,,,,,
39ce63c4,kchlee@seoultopclinic.com,서울탑비뇨기과의원,서울 동작구,,02-6334-0137,http://www.seoultopclinic.com/,,,,,
37598d41,master@seoultopclinic.com,서울탑비뇨기과의원,서울 동작구,,02-6334-0137,http://www.seoultopclinic.com/,,,,,
90982478,pureal@naver.com,서울탑비뇨기과의원,서울 동작구,,02-6334-0137,http://www.seoultopclinic.com/,,,,,
6d3088c9,seoultopgj@gmail.com,서울탑비뇨기과의원,서울 동작구,,02-6334-0137,http://www.seoultopclinic.com/,,,,,
6a651b01,teacherj@hanmail.net,서울탑비뇨기과의원,서울 동작구,,02-6334-0137,http://www.seoultopclinic.com/,,,,,
ff343ec0,urobora@seoultopclinic.com,서울탑비뇨기과의원,서울 동작구,,02-6334-0137,http://www.seoultopclinic.com/,,,,,
55ce54b9,uromin@naver.com,서울탑비뇨기과의원,서울 동작구,,02-6334-0137,http://www.seoultopclinic.com/,,,,,
92abc879,uromin@seoultopclinic.com,서울탑비뇨기과의원,서울 동작구,,02-6334-0137,http://www.seoultopclinic.com/,,,,,
86c65b69,seoultone@naver.com,서울톤피부과의원,서울 강남구,,02-576-5502,http://www.seoultone.kr/,,,,,
cc374eeb,snupower777@naver.com,서울힘내과의원,서울 강서구,,02-2659-5575,https://seoulpower777.modoo.link,,,,,
bf2fd429,admin@mothersps.com,서초서울마더스성형외과의원,서울 서초구,,02-525-2375,https://www.mothersps.com,,,,,
15a2c2ef,dionslofficial@gmail.com,선릉디온의원,서울 강남구,,02-2138-3389,https://dion-sl.com/,,,,,
ab8e3c13,somseiclinic@naver.com,섬세이의원,서울 강동구,,02-488-9119,https://somsei.com/,,,,,
6768c687,sungmonp11@hanmail.net,성모마음정신건강의학과의원,서울 중랑구,,02-972-4300,http://www.sungmom.com,,,,,
0e4e183c,sammind@naver.com,성모샘정신건강의학과의원,서울 도봉구,,02-951-0552,http://www.sungmosam.com,,,,,
98553760,seyeclinic.kr@gmail.com,세예의원,서울 서초구,,,https://www.youtube.com/@SeyeClinic,,,,,
6b0e0f51,sonkh@aphrozone.com,셀나인청담의원,서울 강남구,,02-566-6335,https://www.cellnine.co.kr,,,,,
79a572db,cellable153@gmail.com,셀러블153강남의원,서울 강남구,,02-511-8100,http://cellable153.com/,,,,,
882ad8e6,cellable153m@naver.com,셀러블153강남의원,서울 강남구,,02-511-8100,http://cellable153.com/,,,,,
77cae887,crfclinic@naver.com,셀리데이의원,서울 강남구,,02-553-3737,https://www.crfclinic.com,,,,,
42438aa2,cellnk@naver.com,셀앤케이의원,서울 강서구,,,https://www.cellnk.com,,,,,
8ccde443,cellonclinic@naver.com,셀온피부과의원,서울 강남구,,02-546-1112,http://www.4clinic.co.kr,,,,,
779df796,abcdef@naver.com,셀피아의료생활협동조합셀피아의원,서울 강남구,,02-1833-8899,http://cellpia.net/,,,,,
1164c878,cellpia4u@naver.com,셀피아의료생활협동조합셀피아의원,서울 강남구,,02-1833-8899,http://cellpia.net/,,,,,
44a8015f,sosuclinic@gmail.com,소수의원,서울 성동구,,02-3409-1207,https://sosuclinic.com,,,,,
b1a568bd,syobgy@naver.com,소연산부인과의원,서울 광진구,,02-469-9777,http://www.soyeon.co.kr/,,,,,
52158a1e,info@soyoclinic.com,소요의원,서울 강남구,,02-511-0050,http://www.soyoclinic.com,,,,,
8f43cea1,soyoumedicalclinic@gmail.com,소유의원,서울 강남구,,0507-1483-2360,http://soyouclinic.com/,,,,,
845c5186,soi_clinic@naver.com,소이의원,서울 서초구,,,https://www.soiclinic24.co.kr/,,,,,
2b905671,asdfjbpark@naver.com,속튼튼내과의원,서울 동대문구,,02-3394-8175,https://soktntn-mo.imweb.me/,,,,,
14900251,ipigood1599@naver.com,솜씨좋은산부인과의원,서울 강남구,,02-575-1599,https://www.ipigood.kr,,,,,
91bef1fe,richdoc@naver.com,송파뉴셀의원,서울 송파구,,031-585-3658,http://www.spnewcellclinic.co.kr,,,,,
1e573367,mcc@amc.seoul.kr,송파서울이비인후과의원,서울 송파구,,02-420-8264,http://www.amc.seoul.kr/,,,,,
1cf21904,sooneunclinic@naver.com,수앤은의원,서울 송파구,,02-420-1777,https://www.sooneunclinic.com/,,,,,
3b23acc8,suyubarobone@naver.com,수유바로본의원,서울 강북구,,02-991-7511,https://www.suyubarobone.co.kr,,,,,
73f649e0,pssoon0@naver.com,순플러스성형외과의원,서울 서초구,,02-547-1705,http://www.soonplus.com/,,,,,
fe836100,snowglobalclinic@gmail.com,스노우글로벌의원,서울 서초구,,02-594-2114,https://gangnam-snow.co.kr,,,,,
b6fb855c,snowprs@gmail.com,스노우의원,서울 강남구,,02-558-2700,http://www.snowprs.com,,,,,
20fc0309,info@onsecurity.co.kr,스마일내과의원,서울 강북구,,02-900-3375,http://www.smilewith.co.kr/,,,,,
689bc0cd,info@smilewith.co.kr,스마일내과의원,서울 강북구,,02-900-3375,http://www.smilewith.co.kr/,,,,,
29f84ae5,star16500@naver.com,스타1 의원,서울 서대문구,,02-3217-6500,http://www.styleps.co.kr,,,,,
bd6cd7c7,shy0119@hanmail.net,스테이영피부과의원,서울 강남구,,02-514-7574,http://www.stay0skin.com/,,,,,
f77aba98,skinbystory@naver.com,스토리피부과의원,서울 강남구,,02-545-7737,http://www.skinbystory.com,,,,,
54ede865,cinemaclinic@naver.com,시네마의원,서울 강남구,,02-517-1219,http://www.cinemaclinic.co.kr/,,,,,
ad0eaa43,siaclinicgn@gmail.com,시아의원,서울 강남구,,02-517-7117,https://gangnam.sia-clinic.com/,,,,,
44c47f6a,cyanclinic@naver.com,시안의원,서울 서초구,,02-534-5555,http://www.cyanclinic.com/,,,,,
2120261a,000@naver.com,시온뷰티의원,서울 송파구,,02-404-7727,http://zionclinic.org,,,,,
d5ab127e,cooluro@cooluro.co.kr,시원한비뇨기과의원,서울 양천구,,02-2062-7510,http://www.cooluro.co.kr/,,,,,
602d1440,central20@naver.com,신당센트럴이비인후과의원,서울 중구,,02-2231-7690,https://sdcentralent-mo2.imweb.me,,,,,
b94cfd25,dionsinsa@gmail.com,신사디온의원,서울 강남구,,02-6956-9792,https://dion-ss.com/,,,,,
f627c372,sinsa_l@naver.com,신사엘성형외과의원,서울 강남구,,517-7410,http://www.sinsael.com/,,,,,
c4e1e11e,garden4814@naver.com,신소애여성의원,서울 강남구,,02-3453-5712,http://www.sinsoeclinic.com,,,,,
cea2f2ec,kaltenborn@nate.com,신의의원,서울 영등포구,,02-2678-3366,http://goldbody.co,,,,,
eb46a9ad,honestyps@naver.com,아너스티성형외과의원,서울 서초구,,02-542-3777,https://m.booking.naver.com/booking/13/bizes/563095,,,,,
6193a09e,babjyo@hanmail.net,아란의원,서울 용산구,,02-3785-3690,https://www.aranclinic.co.kr/kr/,,,,,
e1cfeb9a,aloha@naver.com,아로하피부과의원,서울 마포구,,02-6952-4880,https://www.alohaskin.co.kr/,,,,,
b4c1c86e,beautifulskin@naver.com,아름다운피부과의원,서울 강북구,,02-990-0073,http://beautifulskin.mediguru.kr/,,,,,
9ce77ef3,elmo7618@naver.com,아름드리가정의원,서울 관악구,,02-858-2828,http://areumdri.kr/,,,,,
31b8abc6,amun2022@nate.com,아문성형외과의원,서울 강동구,,02-474-1517,http://amunhospital.com/,,,,,
8a68617e,amiskingn@naver.com,아미스킨의원,서울 강남구,,,https://www.amiskin.co.kr,,,,,
853a6927,abelskin@abelskin.com,아벨피부과의원,서울 은평구,,02-3474-7779,http://www.abelskin.com/,,,,,
9af775a5,ejkim3761@naver.com,아우레아의원,서울 중구,,02-318-6003,https://www.aureaclinic.co.kr/,,,,,
21089719,pauls2001nz@hanmail.net,아우름의원,서울 서초구,,02-594-0080,http://www.aurumclinic.co.kr,,,,,
50819d44,imindchild@gmail.com,아이마인드의원,서울 서초구,,02-597-8555,https://imindclinic.co.kr,,,,,
33562043,aisufertility@naver.com,아이수산부인과의원,서울 서초구,,02-3483-2255,https://www.aisu.co.kr,,,,,
c8378289,drlipo@naver.com,아이엠퀸여성의원,서울 서초구,,02-571-0367,http://www.iamqueen.co.kr/,,,,,
39e37fe5,drbjm@hanmail.net,아트라인의원,서울 강남구,,02-518-9333,http://www.seoulartline.co.kr,,,,,
ebcad2cd,hello-ent@naver.com,안녕이비인후과의원,서울 강서구,,02-6347-3030,https://helloentclinic.com/,,,,,
720a9045,asmps2020@naver.com,안성민성형외과의원,서울 송파구,,02-414-1114,https://ahnsungminplasticsurgery.co.kr/,,,,,
f7b9ec96,antianclinic@gmail.com,안티안의원,서울 강남구,,02-6204-4321,http://antianclinic.com/,,,,,
bbc6ae32,info@rnbps.com,알앤비성형외과의원,서울 강남구,,02-558-5800,http://www.rnbps.com,,,,,
e1eabc75,help@richmore.kr,압구정리치모아의원,서울 강남구,,02-3448-0999,https://www.richmore.kr/,,,,,
231ee6ab,mbsbundo@hanmail.net,압구정바로보기안과의원,서울 강남구,,02-548-3133,http://www.barobogi.com/,,,,,
10c28394,17wjdwn@gmail.com,압구정비앤미의원,서울 강남구,,02-3445-1966,https://www.benme.co.kr/,,,,,
e48925ce,blsclinicap@naver.com,압구정비엘에스의원,서울 강남구,,02-544-4841,http://blsclinic3.com/,,,,,
f0980429,wishplaning@gmail.com,압구정세가지소원의원,서울 강남구,,02-540-1233,https://www.3wishesps.com/,,,,,
994ceaff,kai4095@naver.com,압구정에스앤비안과의원,서울 강남구,,02-3446-6666,https://snbeye.com/,,,,,
486d467c,1675ap.topline@gmail.com,압구정탑라인의원,서울 강남구,,02-517-1675,https://www.ap-topline.com,,,,,
5d54f3fa,jminleemd@gmail.com,애경내과의원,서울 구로구,,02-851-2111,http://akclinic.imweb.me/,,,,,
4db284f2,apple_appn@naver.com,애플산부인과의원,서울 성동구,,02-2298-6200,https://booking.naver.com/booking/13/bizes/1443158,,,,,
13b3b645,manofpro@gmail.com,애플산부인과의원,서울 성동구,,02-2298-6200,https://booking.naver.com/booking/13/bizes/1443158,,,,,
fcd58050,psseokh@naver.com,앤드성형외과의원,서울 강남구,,02-574-9400,https://booking.naver.com/booking/13/bizes/814588,,,,,
d5a5ee33,nbomseoul@gmail.com,앤봄의원,서울 마포구,,02-6952-0147,https://kr.nbomclinic.com/s/rxzl2,,,,,
efad64f4,mdlamar@naver.com,앤퍼센트의원,서울 강남구,,02-2694-7585,http://npercentclinic.com/,,,,,
01113eb6,master@nplusclinic.com,앤플러스의원,서울 강남구,,511-6300,http://www.nplusclinic.com/,,,,,
2f8cb334,yaan09@naver.com,얀의원,서울 강남구,,02-501-1323,https://yaanclinic.com,,,,,
a4ec164c,gpk-usersupport@google.com,양준상의원,서울 강남구,,070-4219-3742,https://play.google.com/store/apps/details?id=com.yangjunesangclinic.medisol&pcampaignid=web_share,,,,,
3d45ab6c,medilove1004@gmail.com,양준상의원,서울 강남구,,070-4219-3742,https://play.google.com/store/apps/details?id=com.yangjunesangclinic.medisol&pcampaignid=web_share,,,,,
8b802a1d,jjg3436@naver.com,어광수가정의학과의원,서울 광진구,,02-3436-0511,http://eoks.co.kr/,,,,,
e0324ab9,irvinederm@naver.com,어바인피부과의원,서울 영등포구,,02-780-3330,http://www.irvinederm.co.kr,,,,,
0f5638e3,sweetly79@nate.com,에버그린피부과의원,서울 강남구,,02-2187-7377,http://www.egskin.co.kr/,,,,,
4e7e5667,sdderm@naver.com,에스디피부과의원,서울 강남구,,02-549-7574,http://www.sdderm.co.kr,,,,,
a56641a1,toy0591@naver.com,에스리본의원,서울 마포구,,02-1833-5881,https://www.s-reborn.com,,,,,
a81c3314,sc301@sc301.co.kr,에스씨301의원,서울 강남구,,02-511-1550,http://www.sc301.co.kr,,,,,
74c78a31,gounskin@hanmail.net,에스앤유피부과의원,서울 강남구,,02-3444-6033,https://www.snuclinic.org,,,,,
ebbbe10b,bk.hr.301@gmail.com,에스에이치(SH)성형외과의원,서울 서초구,,02-512-5755,http://ksh-ps.com/,,,,,
700977cb,shclinic77@gmail.com,에스에이치의원,서울 서초구,,02-573-8261,http://www.shclinic.kr/,,,,,
f7a985e4,asxvmprobertest@gmail.com,에스엔(SN)재활의학과내과의원,서울 노원구,,02-949-7755,https://sites.google.com/view/snrmim,,,,,
2afc3fcf,smart.journey.prober@gmail.com,에스엔(SN)재활의학과내과의원,서울 노원구,,02-949-7755,https://sites.google.com/view/snrmim,,,,,
cc08a7a4,yuyu_0623@naver.com,에스탑의원,서울 강서구,,02-2605-7577,http://artline3.medirang.com/,,,,,
1f4efab7,abloompsclinic@naver.com,에이블룸성형외과의원,서울 강남구,,02-6332-3600,https://abloomclinic.com/,,,,,
36766442,art07@designart.co.kr,에이아이의원,서울 서초구,,02-3472-4485,http://www.ailove.co.kr,,,,,
e58070ff,amps5800@gmail.com,에이엠성형외과의원,서울 강남구,,02-542-5800,http://www.am-ps.co.kr,,,,,
9840aab5,wnadna@naver.com,에이치투오의원,서울 강남구,,02-593-5670,http://www.htoaging.com,,,,,
8946e976,info@etonne.kr,에톤성형외과의원,서울 서초구,,02-518-9990,https://etonne.kr/,,,,,
b292378f,epic@epicps.co.kr,에픽성형외과의원,서울 강남구,,02-546-8880,http://www.epicps.co.kr/,,,,,
a9016119,efilkorea@gmail.com,에필성형외과의원,서울 강남구,,02-6953-6635,https://www.efilface.com/,,,,,
24e3e942,endietclinic.cn@gmail.com,엔디어트의원,서울 강남구,,02-6958-6390,https://endiet.co.kr,,,,,
2f1858d3,rhstbek@naver.com,엔슬림의원,서울 강남구,,02-6402-4500,http://www.n-slim.com/,,,,,
25097ccf,angelmi@jangelmi.com,엔젤미의원,서울 강남구,,02-1661-8830,https://angelmiclinic.com/,,,,,
6a5c2653,info@marketing-agency.com,엔터성형외과의원,서울 서초구,,,https://www.enterplasticsurgery.com/,,,,,
3226481c,elevclinic.official@gmail.com,엘레브의원,서울 강남구,,02-547-5470,http://www.elevclinic.co.kr/,,,,,
363f222c,lvprs8972@gmail.com,엘브이성형외과의원,서울 강남구,,02-540-8972,https://www.lv-ps.com/ko,,,,,
a8cfe84a,islro@nate.com,엘앤에스비뇨기과의원,서울 강북구,,02-988-1151,http://www.lnsclinic.com,,,,,
64119590,lnsclinic1@naver.com,엘앤에스비뇨기과의원,서울 강북구,,02-988-1151,http://www.lnsclinic.com,,,,,
65d86368,arikim73@gmail.com,엘여성의원,서울 동작구,,02-3280-7735,http://www.lwomenclinic.co.kr/,,,,,
5d9aa4aa,amredworld@gmail.com,엠레드의원,서울 강남구,,02-543-3110,https://amredclinic.com/ko,,,,,
7ca2687d,edgelinegangnam@naver.com,엣지라인의원,서울 서초구,,02-2135-8299,http://edge-line.kr/,,,,,
82564306,albertyi@daum.net,역삼이창훈이비인후과의원,서울 강남구,,02-564-5647,http://yeoksamlee-ent.co.kr,,,,,
af5562ef,ydskin@gmail.com,연세드림의원,서울 도봉구,,02-955-2291,http://www.ydskin.com/,,,,,
70da85b1,ysleeds1234@naver.com,연세리즈의원,서울 서초구,,02-333-0207,http://www.ysleeds.co.kr/,,,,,
4e6e3fe3,yonseimoever@naver.com,연세모에버의원,서울 강남구,,02-540-7588,https://www.moever.co.kr,,,,,
a504f59e,metimeskin@gmail.com,연세미타임피부과의원,서울 강남구,,02-508-5881,http://www.metime.co.kr/,,,,,
d5540a63,yonseiclinic1@naver.com,연세신효선성형외과의원,서울 강북구,,02-905-0690,http://www.yonseiclinic.net/,,,,,
f6396aa8,yonseiclinic@yonseiclinic.net,연세신효선성형외과의원,서울 강북구,,02-905-0690,http://www.yonseiclinic.net/,,,,,
b86afe84,ainclinic@gmail.com,연세아인의원,서울 종로구,,02-723-9889,http://www.ysain.com/,,,,,
8df5b2f2,ksodesign1@naver.com,연세애드미피부과의원,서울 도봉구,,02-906-1400,http://www.addbeauty.co.kr,,,,,
b6995492,skvein@naver.com,연세에스의원,서울 강남구,,02-2156-8800,http://www.yssh.kr/,,,,,
4e4ead50,philmam62@naver.com,연세위더스의원,서울 마포구,,02-323-1194,http://www.wusclinic.co.kr/,,,,,
691d017b,yonseidana@naver.com,연세이비인후과의원,서울 강북구,,02-999-5370,https://booking.naver.com/booking/13/bizes/609897,,,,,
756694f1,cjenm.support@cj.net,연세정내과의원,서울 동대문구,,02-924-6575,http://yonseijung.com/,,,,,
0837e0f5,cjenmstudios.contest@cj.net,연세정내과의원,서울 동대문구,,02-924-6575,http://yonseijung.com/,,,,,
1c18b9d9,ysje4293119@naver.com,연세조은내과의원,서울 관악구,,02-889-3375,http://연세조은내과.com/,,,,,
46abe3d5,yscocoent@naver.com,연세코코이비인후과의원,서울 강남구,,02-555-5075,http://www.cocoent.kr/default/,,,,,
360d4382,sbclinic@sbclinic.kr,연세탑뷰티의원,서울 서초구,,02-533-4287,http://www.sbclinic.kr/,,,,,
ac3fee35,nfelicewoman@gmail.com,연세펠리체여성의원,서울 강남구,,02-448-5656,https://www.youtube.com/@형희선의성의보감,,,,,
780d5ab9,dbkbm@naver.com,연세프리미엄가정의학과의원,서울 송파구,,02-6958-7580,http://연세프리미엄.com,,,,,
41d30e30,yhmc0306@daum.net,연세하나로의원,서울 중구,,02-2272-7728,https://www.yhmc.co.kr,,,,,
e3316052,admin@yshueclinic.co.kr,연세휴가정의학과의원,서울 서초구,,02-3472-7582,https://yshueclinic.co.kr,,,,,
3ee75298,ds-kang@daum.net,연세힐피부과의원,서울 송파구,,02-423-5151,http://www.healskin.co.kr,,,,,
9a775d07,khk30697@naver.com,열린연세의원,서울 강서구,,02-2652-0072,http://www.yyos.co.kr/,,,,,
93a851b3,000clinic.marketing@gmail.com,영영영의원,서울 서초구,,,https://www.000clinic.com,,,,,
4b65394b,yelinebe@gmail.com,예라인의원,서울 강남구,,02-6951-0071,https://ylcell.com,,,,,
e526ab09,yjukhome@gmail.com,예라인의원,서울 강남구,,02-6951-0071,https://ylcell.com,,,,,
88dfff17,dr67042@naver.com,예예의원,서울 금천구,,02-838-0675,http://yeyeclinic.ad-media.kr/,,,,,
0b548995,ogncell-ddm@naver.com,오가나셀 피부과의원 동대문점,서울 동대문구,,02-2038-3275,https://oganaskinddm.com,,,,,
89e599cf,ognmagok@naver.com,오가나셀피부과의원마곡점,서울 강서구,,02-2659-2888,https://oganacell-magok.com/,,,,,
e1fbb168,oracleprs@naver.com,오라클성형외과의원,서울 동대문구,,02-2244-7575,https://moracleprs4np.zaemit.com/,,,,,
99deb0a2,aubeclinic@gmail.com,오브의원,서울 용산구,,02-595-4916,https://youtube.com/@aubeclinic?si=9ZH59TKPppuoo4NS,,,,,
bacff149,naubeclinic1@naver.com,오브의원,서울 용산구,,02-595-4916,https://youtube.com/@aubeclinic?si=9ZH59TKPppuoo4NS,,,,,
55f509f5,scme5541@naver.com,오블리주의원,서울 마포구,,02-393-5541,https://booking.naver.com/booking/13/bizes/167377?area=pll,,,,,
4f0f8898,orbitclinic.kr@gmail.com,오빗의원,서울 강남구,,02-517-8004,http://www.orbit-clinic.com/,,,,,
a8b171f4,landt777@naver.com,오에스티의원,서울 서대문구,,02-322-7570,http://www.ostclinic.co.kr,,,,,
7b8a712c,gangnam_bom@naver.com,오크우드봄의원,서울 강남구,,02-6925-5755,https://owbomclinic.com,,,,,
2f5a809a,privacypolicyupdates@automattic.com,온마취통증의학과의원,서울 동작구,,02-835-7588,https://onpain.clinic/,,,,,
09c9a41c,olimeye2024@naver.com,올림안과의원,서울 강남구,,02-599-0110,https://olimeye.com,,,,,
5b23a1ab,youryoungps@gmail.com,와이영성형외과의원,서울 강남구,,02-568-7625,https://youryoung.co.kr/,,,,,
e9ad4125,tommso@naver.com,우리365의원,서울 강서구,,02-3663-3119,http://woori365.com/,,,,,
de048a37,woouro@woouro.com,우비뇨기과의원,서울 송파구,,02-404-7220,http://woouro.com/,,,,,
3256e537,jimmy125@naver.com,우아한여성의원,서울 강남구,,02-541-4501,http://www.wooahanwoman.kr/,,,,,
c5b85bcd,tshs17th@gmail.com,울트라정형외과의원,서울 관악구,,02-862-1275,http://www.ultraos.co.kr,,,,,
870140f6,yeohwa@hotmail.com,움튼산부인과의원,서울 마포구,,02-322-2289,http://www.wombtunes.org/,,,,,
7034f716,wonderfulprs@gmail.com,원더풀성형외과의원,서울 서초구,,02-512-9996,https://wonderfulps.com/,,,,,
05416162,wellasdermatology@naver.com,웰라스피부과의원,서울 강남구,,02-556-2556,http://wellasclinic.com,,,,,
e34ecb05,well@wellclinic.co.kr,웰비뇨기과의원,서울 서대문구,,02-3217-8875,http://www.wellclinic.co.kr/,,,,,
ad75666c,well@stonewell.co.kr,웰비뇨기과의원,서울 동대문구,,02-2248-8245,http://www.stonewell.co.kr/,,,,,
23f5277f,scrtgarden@hanmail.net,웰스킨의원,서울 서초구,,02-532-7579,http://www.wellskinclinic.net/,,,,,
8541ac72,web@email.net,위즈미여성의원,서울 서초구,,02-2651-3030,http://wmclinic.co.kr/,,,,,
68164c48,ulineclinic00@naver.com,유라인의원,서울 강남구,,02-516-7588,https://ulinebody.com/?src=image&kw=0018E2,,,,,
eaec70af,eureka_skin@naver.com,유레카피부과의원,서울 강남구,,02-3446-7515,http://www.eurekaskin.com,,,,,
d55fa116,rngy0221@naver.com,유로스메디컬의원,서울 강남구,,02-2039-2577,https://urosmedicalcenter.com/,,,,,
e21b9e66,jhng70@naver.com,유안정형외과의원,서울 서초구,,02-6203-7882,http://www.uahn.co.kr/,,,,,
b32c31ac,uonneclinic@naver.com,유온느의원,서울 마포구,,02-332-6560,https://uonneclinic.co.kr,,,,,
16d662c2,djwell1190@gmail.com,유웰비뇨의학과의원,서울 강남구,,02-501-1190,http://www.sjwell.com/,,,,,
3cc98d11,123uzing@naver.com,유진스의원,서울 강남구,,02-516-3070,http://eugensclinic.com/,,,,,
5e6ce473,youtoo5148833@gmail.com,유투성형외과의원,서울 강남구,,02-514-8843,https://u2ps.kr/,,,,,
ecf58f57,sshgsgs@naver.com,은평삼성화외과의원,서울 은평구,,02-6352-7575,http://www.samsunghwa.co.kr,,,,,
a963c37a,moonturks@naver.com,이과수비뇨기과의원,서울 금천구,,02-807-8881,http://booking.naver.com/booking/13/bizes/862127,,,,,
b19ef903,contact@erutan.co.kr,이루탄메디케어의원,서울 금천구,,1533-2575,https://erutan.co.kr/,,,,,
b2eed7dc,info@imageup.co.kr,이미지업의원,서울 서초구,,02-555-1550,https://www.imageup.co.kr/,,,,,
27a3e6c5,leehy0305@hanmail.net,이안의원,서울 강남구,,02-538-3110,http://www.ianclinic.kr,,,,,
3114392c,esps1001@naver.com,이에스청담성형외과의원,서울 강남구,,02-540-6042,http://www.escheongdam.co.kr/,,,,,
4266a1bd,eoclinic252525@gmail.com,이오의원,서울 강남구,,02-3444-9555,http://www.eoclinic.kr/,,,,,
d468423b,penicho@naver.com,이윤수조성완비뇨기과의원,서울 중구,,02-779-4500,http://www.penilee.co.kr,,,,,
e3e7ed5d,jwbyun2002@naver.com,이화더블유산부인과의원,서울 마포구,,02-363-7588,http://www.ewhawobgy.com/,,,,,
fd8f275e,encodeclinic@gmail.com,인코드의원,서울 강남구,,02-561-6089,https://www.encodeclinic.co.kr/,,,,,
dac0b175,psintro@naver.com,인트로성형외과의원,서울 서초구,,02-515-8008,https://www.introps.co.kr,,,,,
17ec16a8,ilchiplastic@gmail.com,일치성형외과의원,서울 강남구,,02-567-0312,https://www.ilchips.com,,,,,
73534d9b,contact@jarada.kr,자라다의원,서울 성동구,,02-511-6913,https://jarada.kr,,,,,
29bad5b3,stinkyjh@naver.com,잠실닥터에버스의원,서울 송파구,,02-425-2010,https://evers13.co.kr/,,,,,
7aeaca33,neonadsl@naver.com,제너리스의원 연신내점,서울 은평구,,02-6949-5703,https://yeonsinnae.generless.com/,,,,,
c9bea778,jdclinic3434@naver.com,제이디의원,서울 강남구,,02-523-7581,http://www.jdclinic.com/,,,,,
d31e0144,jfclinic0526@gmail.com,제이에프셀피부과의원,서울 강남구,,02-515-0526,http://www.jfclinic.com/,,,,,
b81e6ce7,jfsyderma@naver.com,제이에프셀피부과의원,서울 강남구,,02-515-0526,http://www.jfclinic.com/,,,,,
1a0f3f0c,jmclinicsc@gmail.com,제이엠가정의학과의원,서울 서초구,,02-534-2090,https://jmhealth.co.kr/,,,,,
a437ffa4,jmskin77@gmail.com,제이엠김정민피부과의원,서울 서초구,,02-6953-1212,http://jmskin.co.kr,,,,,
8bd2cd86,jayjunps@gmail.com,제이준성형외과의원,서울 강남구,,02-563-0530,https://www.youtube.com/@jayjunplasticsurgery9968,,,,,
111690e3,parkjk@jk-corp.co.kr,제이케이성형외과의원,서울 강남구,,02-3442-1142,https://www.jkplastic.com,,,,,
72cd5c70,help@jeilent.com,제일이비인후과의원,서울 강남구,,02-517-5085,http://jeilent.com,,,,,
f2a2d8ff,wdcman@daum.net,조병수의원,서울 강남구,,02-541-3991,http://www.신장.com/,,,,,
9668a707,wdcuman@daum.net,조병수의원,서울 강남구,,02-541-3991,http://www.신장.com/,,,,,
410f98ad,jpclinic8830@naver.com,조앤박의원,서울 강남구,,02-517-8830,http://www.joandpark.com/,,,,,
7e9f36ea,jomossi1212@naver.com,조은이비인후과의원,서울 금천구,,892-8575,https://joeunclinic.com,,,,,
d4fe6400,changchd@gmail.com,조창현내과의원,서울 성동구,,02-2297-0406,https://hyunim.mobidoc.us,,,,,
4ead504d,ys-jeon1001@hanmail.net,중랑연세내과의원,서울 중랑구,,02-6956-1757,http://www.sandolhospital.com/,,,,,
597b5f85,joongangos@naver.com,중앙정형외과의원,서울 동대문구,,02-953-2282,http://www.joongangclinic.com,,,,,
5bfa007a,juliet526@naver.com,지앤산부인과의원,서울 구로구,,02-852-2828,http://www.jiaen.co.kr,,,,,
69e42a9b,baramsok@daum.net,지인산부인과의원,서울 성북구,,02-923-8888,http://www.huu.kr,,,,,
e582477b,huu@huu.kr,지인산부인과의원,서울 성북구,,02-923-8888,http://www.huu.kr,,,,,
99cc20db,master@master.com,지힐링스퀘어의원,서울 강남구,,02-546-2575,http://www.gclinic.kr/,,,,,
48c83702,ugly3bros@gmail.com,차이마취통증의학과의원,서울 관악구,,02-884-0075,http://chypain.com/,,,,,
7c0e59f0,chai-clinic@naver.com,차이의원,서울 마포구,,02-6933-6626,https://chaiclinic.co.kr,,,,,
a79f7668,sielcha@hanmail.net,차인혜내과의원,서울 서초구,,02-3481-1919,http://drchaim.com/,,,,,
6f989b5a,chamdaunclinic@gmail.com,참다운내과의원,서울 종로구,,02-2272-9998,http://chamdaunclinic.com,,,,,
f2fd05c6,charmloveos@naver.com,참사랑가정의원,서울 송파구,,02-407-7588,http://csros.com/,,,,,
790129cc,jihyuntaiyun@naver.com,참사랑의원,서울 노원구,,02-933-7575,https://chamsarang1075.com,,,,,
aecdf630,idcharm23@naver.com,참의원,서울 관악구,,02-838-3380,http://www.cclinic.kr,,,,,
54e33f58,info@changskin.com,창피부과의원,서울 강남구,,02-538-3575,http://www.changskin.com,,,,,
6760fa18,skinchae@naver.com,채희재피부과의원,서울 은평구,,02-385-3330,http://www.skinchae.co.kr,,,,,
9e8fee01,joostyle99@naver.com,청담글래시피부과의원,서울 강남구,,02-515-5255,https://booking.naver.com/booking/13/bizes/695390?theme=place&area=ple,,,,,
b87556c2,naolclinic.kr@gmail.com,청담나올의원,서울 강남구,,02-741-2255,https://www.naolclinic.com,,,,,
ed982ace,theoskinclinic@gmail.com,청담더오피부과의원,서울 강남구,,02-3444-0501,https://www.theoskinclinic.com,,,,,
8a5b63d4,ruby_clinic@naver.com,청담루비의원,서울 강남구,,02-515-2005,https://www.rubyclinic-cheongdam.com/,,,,,
94a83e43,drohhappy@hanmail.net,청담바롬의원,서울 용산구,,02-3275-7900,http://www.varom.kr/,,,,,
2a0f8e0c,jsale31@naver.com,청담보드레의원,서울 노원구,,02-6737-7776,https://www.cd-bodre.com/,,,,,
31600e32,docyjh@naver.com,청담비아이의원,서울 강남구,,02-501-2727,http://www.cdbi.co.kr/,,,,,
7c908858,bnaclinicofficial@gmail.com,청담비포앤애프터의원,서울 강남구,,02-544-1614,http://bnaclinic.co.kr/,,,,,
70d6ee3c,cheongdamcellclinic@naver.com,청담셀의원,서울 강남구,,02-514-2225,https://booking.naver.com/booking/13/bizes/942672,,,,,
4cb1065a,jhjang@carecrm.co.kr,청담셀의원,서울 강남구,,02-514-2225,https://booking.naver.com/booking/13/bizes/942672,,,,,
61f0590e,info@ardenclinic.com,청담아르덴의원,서울 강남구,,02-518-1259,https://www.cheongdam-arden.com/,,,,,
04472101,info@anneclinic.com,청담안느의원,서울 강남구,,02-545-2332,https://anneclinic.com/,,,,,
161a6e00,cheongdameclat_de@naver.com,청담에끌라드의원,서울 강남구,,02-6120-8888,http://www.eclatde.com,,,,,
233f8b40,cdaceclinic@daum.net,청담에이스의원,서울 강남구,,02-511-8556,https://cdaceclinic.com,,,,,
fdd1e92c,deesse2015@naver.com,청담여신성형외과의원,서울 강남구,,02-1800-2662,http://deesse.co.kr/main/main.php,,,,,
26f161f4,content.itsme.clinic@gmail.com,청담잇츠미의원,서울 강남구,,02-515-0555,http://itsme1.kr/,,,,,
8258e89e,jeunex.ch@gmail.com,청담쥬넥스피부과의원,서울 강남구,,549-0025,https://www.jeunexclinic.com,,,,,
87d89f64,heal2022@naver.com,청량힐정형외과의원,서울 동대문구,,02-967-7588,https://청량힐정형외과.com,,,,,
6ca4a307,angelcyy@naver.com,최윤영내과의원,서울 강북구,,02-982-7575,http://www.herdoctor.co.kr/,,,,,
0f5eed1a,contactus@k-cent.com,치유성형외과의원,서울 강남구,,0507-1387-1141,http://chiups.com,,,,,
0bf7a1a4,elcid707@naver.com,코넬비뇨의학과의원,서울 광진구,,02-468-8119,http://www.conel.co.kr,,,,,
66b3e3b8,beautydr@hotmail.com,코앤유의원,서울 강서구,,02-2661-0567,http://www.conyou.co.kr,,,,,
9ec7f8c8,cohen@naver.com,코헨의원,서울 강남구,,02-568-2580,http://www.cohenclinic.co.kr/,,,,,
65412480,collnaum1@gmail.com,콜나움의원,서울 강남구,,02-562-1374,http://collnaum.co.kr/,,,,,
fa107ade,qdclinic@naver.com,큐디의원,서울 강남구,,02-514-1650,https://qdclinic.co.kr/,,,,,
a8a35598,iyou0311@naver.com,클린앤미피부과의원,서울 마포구,,02-307-3375,http://www.cleannmi.co.kr,,,,,
8572ff73,kyolseoul.reserve@gmail.com,키올의원,서울 서초구,,,https://kyol.world,,,,,
e3e1ed8d,targetps@kakao.com,타겟성형외과의원,서울 강남구,,02-545-0345,https://www.targetprs.com/,,,,,
c96b2db5,timeless1034@gmail.com,타임리스피부과의원,서울 서대문구,,02-365-0077,http://www.tlkyodae.com,,,,,
7ddfa635,tlskin@naver.com,타임리스피부과의원,서울 서대문구,,02-365-0077,http://www.tlkyodae.com,,,,,
c03b94c9,timereturn@naver.com,타임리턴의원,서울 영등포구,,02-6956-1661,http://timereturnclinic.com,,,,,
6aba46da,tatoanw@naver.com,타토아의원,서울 강남구,,02-542-0222,https://tatoanw.co.kr,,,,,
7035cb11,tamgun@naver.com,탐의원,서울 강남구,,3444-5975,http://www.tamclinic.co.kr/,,,,,
d160b6b8,wjddufkk10@naver.com,태미안 의원,서울 중랑구,,02-529-2871,http://taemian.co.kr/,,,,,
c6574f11,lbqfzscq@163.com,테크필피부과의원,서울 강남구,,02-568-7175,http://www.hayans.com/,,,,,
a38a0e86,triomphedr@naver.com,트리옹프닥터의원,서울 중구,,02-6237-7771,http://www.triomphedr.com,,,,,
61c326cf,tipclinic@naver.com,티아이피재활의학과의원,서울 용산구,,02-6959-8228,http://tipclinic.co.kr/,,,,,
b9c5af65,ttps22@naver.com,티티성형외과의원,서울 강남구,,02-6953-7566,http://ttps.kr,,,,,
1878ceb0,pangpangclinic@naver.com,팽팽의원,서울 강남구,,1600-3300,https://booking.naver.com/booking/13/bizes/867219,,,,,
53bf3008,purpleclinic@naver.com,퍼플의원,서울 송파구,,02-421-0613,https://www.purpleclinic.co.kr/,,,,,
2742aebe,foretskin@naver.com,포레피부과의원,서울 강남구,,02-2294-4888,https://youtube.com/@drleehaeun,,,,,
65354405,pointupclinic@naver.com,포인트업의원,서울 강남구,,02-3446-9544,http://www.pointupclinic.co.kr,,,,,
e1f6a518,forhairgroup@gmail.com,포헤어의원,서울 강남구,,02-542-0424,https://www.forhair.co.kr,,,,,
c0e3b100,_fullfaceclinickr@gmail.com,풀페이스의원,서울 마포구,,02-332-2648,http://fullface.co.kr/,,,,,
52ac5fb4,woodnote@gmail.com,풀페이스의원,서울 마포구,,02-332-2648,http://fullface.co.kr/,,,,,
244fc6f5,primiclinic@gmail.com,프리미의원,서울 성동구,,070-5029-5131,https://primiclinic.com/,,,,,
d2efb316,kihofood@naver.com,플레이트의원,서울 강남구,,02-2039-7863,https://clinicplate.com/,,,,,
7e94794a,lovechannel99@hanmail.net,피그마리온의원,서울 강남구,,02-556-6308,http://pygmalion2020.com/,,,,,
906f8000,info@fineclinic.com,피네의원,서울 서초구,,02-514-8484,https://thefineclinic.com,,,,,
48cd74e4,fidesclinicseoul@naver.com,피데스의원,서울 강남구,,02-540-7931,https://fidesclinic.imweb.me/,,,,,
340dbb80,nadaumps@naver.com,픽셀랩성형외과의원,서울 서초구,,02-595-8568,https://pixelab.co.kr/,,,,,
a4b2c6c7,fillnfill@naver.com,필앤필의원,서울 강남구,,02-6407-1000,https://fillnfill.com,,,,,
a3123ae0,zotaping@naver.com,핑슬림의원,서울 서초구,,554-1969,https://pingclinic.kr,,,,,
f6a5f28f,skylakeskin@naver.com,하늘호수피부과의원,서울 강동구,,02-481-3555,http://www.skylakeskin.com/,,,,,
869b6411,haruclinic7@naver.com,하루의원,서울 강남구,,02-511-2213,http://haruclinic.co.kr/,,,,,
857b861f,highlineskin.official@gmail.com,하이라인피부과의원,서울 강서구,,1660-2480,https://www.highlineskin.com,,,,,
4894639a,atenvue73@gmail.com,하이맵의원,서울 서초구,,02-6232-7582,https://blog.himapclinic.com/,,,,,
132206c6,ceo@growthmk.com,하이맵의원,서울 서초구,,02-6232-7582,https://blog.himapclinic.com/,,,,,
1a5cc1b4,hello@inblog.ai,하이맵의원,서울 서초구,,02-6232-7582,https://blog.himapclinic.com/,,,,,
744024c6,martin@hagajae.com,학아재의원,서울 강남구,,02-515-7647,http://www.hagajaeclinic.com/,,,,,
19889257,evaevo@naver.com,한나셀의원,서울 강남구,,,http://hannacell.com,,,,,
93e43b74,admin@hyhosp.com,한마음의원,서울 광진구,,02-455-2264,http://www.hyhosp.com/,,,,,
fb60048b,customer@hyhosp.com,한마음의원,서울 광진구,,02-455-2264,http://www.hyhosp.com/,,,,,
12cf6598,kospia@hanmail.net,한맘플러스재활의학과의원,서울 강남구,,02-3452-9912,http://www.1mam.net,,,,,
5145bfd4,hanbit7582@naver.com,한빛가정의학과의원,서울 강남구,,02-508-6623,http://www.hanbit2k.co.kr/,,,,,
1371c001,hello@company.co,한양정형외과의원,서울 동대문구,,02-2242-7844,https://www.hyos.co.kr,,,,,
4cdd1041,juyhu@yahoo.co.kr,한양정형외과의원,서울 동대문구,,02-2242-7844,https://www.hyos.co.kr,,,,,
871aea5c,hadela7585@naver.com,해맑은소아과의원,서울 광진구,,02-3437-3722,http://www.sunhani.co.kr,,,,,
c5ee074f,lovehadela@naver.com,해맑은소아과의원,서울 광진구,,02-3437-3722,http://www.sunhani.co.kr,,,,,
69b281bf,happyskinclinic4u@gmail.com,행복한피부과의원,서울 노원구,,02-932-2255,http://www.happyskin.co.kr,,,,,
0ea763d8,ma6107@hanmail.net,현대의원,서울 도봉구,,02-993-0335,http://www.hdhosp.co.kr/,,,,,
71374af2,hsmin2024@naver.com,혜성민가족의원,서울 노원구,,02-952-8866,https://hyesungmin.ad-media.kr,,,,,
1c327424,hosan01@daum.net,호산의원,서울 구로구,,02-862-7067,http://www.ladyhosan.co.kr/,,,,,
bc47eb16,info@hosooclinic.com,호수의원,서울 용산구,,02-792-0506,http://www.hosooclinic.com/,,,,,
d86e9e9d,contact@hoan.clinic,호안의원,서울 용산구,,02-6497-5050,https://hoan.clinic/,,,,,
c69bc429,hongdae@bettermeclinic.co.kr,홍대입구역베러미의원,서울 마포구,,1833-8185,https://hongdae.bettermeclinic.co.kr/,,,,,
50be43af,april31s@april31.co.kr,4월31일성형외과의원,서울 강남구,,02-540-6777,http://www.april31.co.kr,,,,,
826b3dc9,jjiyoon@hotmail.com,4월31일성형외과의원,서울 강남구,,02-540-6777,http://www.april31.co.kr,,,,,
91fc12c5,garnetps100@gmail.com,가넷성형외과의원,서울 강남구,,02-517-8800,http://www.garnetps.co.kr/?mik=place,,,,,
e7473f35,zhairline@naver.com,그녀의헤어라인의원,서울 강남구,,02-6953-5827,http://zhairline.com,,,,,
3d25d877,zhairline@zhairline.com,그녀의헤어라인의원,서울 강남구,,02-6953-5827,http://zhairline.com,,,,,
1daad43b,cybercid@spo.go.kr,글램성형외과의원,서울 강남구,,02-543-0309,http://glamps.co.kr,,,,,
f624ee03,godo@godo.co.kr,김종서성형외과의원,서울 강남구,,3416-0070,http://www.surgery.co.kr,,,,,
4f214cd8,plastic@surgery.co.kr,김종서성형외과의원,서울 강남구,,3416-0070,http://www.surgery.co.kr,,,,,
0e81fda7,nobley7300@naver.com,노블와이성형외과의원,서울 강남구,,02-3446-7300,http://www.nobley.co.kr,,,,,
7137b657,krckrc@hanmail.net,노상훈성형외과의원,서울 강남구,,0507-1417-3639,http://www.rohps.com/,,,,,
323bd660,dams01@naver.com,담스의원,서울 중구,,2233-3438,http://www.dams.co.kr,,,,,
fe5d5314,kplusksy1@naver.com,더케이플러스성형외과의원,서울 강남구,,02-515-8030,https://kplusdrkim.co.kr/,,,,,
25688163,dodreamps@naver.com,두드림성형외과의원,서울 강남구,,02-564-6500,http://www.dodreamps.com/,,,,,
f4acb915,dbplastic2@gmail.com,디비성형외과의원,서울 강남구,,02-553-9870,http://www.db-ps.co.kr,,,,,
8d139708,resetps25@naver.com,리셋성형외과의원,서울 서초구,,02-6246-1113,http://www.resetps.com,,,,,
4dadf77f,psdrjeon@naver.com,리아이성형외과의원,서울 강남구,,02-549-7889,http://li-eye.com/,,,,,
0fd42441,retmusps@gmail.com,리트머스성형외과의원,서울 강남구,,02-567-8988,http://retmusps.com/,,,,,
519e4286,mano_ps@naver.com,마노성형외과의원,서울 서초구,,0000-0000,http://manops.co.kr/,,,,,
b4236c2f,mgtyps@naver.com,마이티성형외과의원,서울 강남구,,02-537-2200,https://www.mgty.co.kr/,,,,,
2317dbd2,moandlineps@naver.com,모앤라인성형외과의원,서울 강남구,,02-517-4890,http://moandlineps.com/,,,,,
d3c3b66d,moplus_1@naver.com,모플러스성형외과의원,서울 서초구,,02-548-5863,http://www.moplusps.com,,,,,
25692c07,mulyps@naver.com,뮬리성형외과의원,서울 서초구,,02-512-7005,https://www.mulyps.com,,,,,
e50bf92d,minopsps@gmail.com,미노성형외과의원,서울 강남구,,02-6204-6333,http://www.minops.co.kr/,,,,,
891eae04,borndips@naver.com,본디성형외과의원,서울 서초구,,02-534-5533,http://www.borndips.com,,,,,
a288dc39,bonps2017@gmail.com,비온성형외과의원,서울 강남구,,541-9559,http://bon-ps.com/,,,,,
c0991f65,hello@saips.co.kr,사이성형외과의원,서울 강남구,,02-512-4647,https://www.saips.co.kr,,,,,
1e0bfc4b,samsungsueye@naver.com,삼성수안과의원,서울 관악구,,02-887-7500,https://samsungsueye.com,,,,,
c5e02007,sharpps.drk@gmail.com,샤프(SHARP)성형외과의원,서울 서초구,,02-599-8875,http://sharpps.kr,,,,,
57c27832,psseosw@naver.com,서상우성형외과의원,서울 강남구,,02-512-5753,http://www.drseosw.com/,,,,,
3ecd74fa,info@paqson.com,서초 바른빛안과의원,서울 서초구,,02-6243-2000,https://barunbiteye.com,,,,,
31b67a94,seoljyps@naver.com,설재윤성형외과의원,서울 강남구,,02-3442-7788,https://www.seoljaeyoon.co.kr,,,,,
6ab63e9a,sungpumps@naver.com,성품성형외과의원,서울 서초구,,02-549-0077,https://sungpumps.com,,,,,
c5935648,cellupps@gmail.com,셀업성형외과의원,서울 강남구,,02-549-7900,https://www.cellup-ps.com/,,,,,
2d911c7a,sisun.pr@gmail.com,시선성형외과의원,서울 서초구,,02-595-7780,http://www.sisunps.com/,,,,,
a1f3eeda,imips@naver.com,아이미김성민성형외과의원,서울 강남구,,02-549-0652,http://www.imiksm.co.kr/,,,,,
b73a712c,icontactprs@naver.com,아이컨텍성형외과의원,서울 서초구,,02-534-7744,http://www.icontactprs.com/,,,,,
a57b4273,beauty@asps.co.kr,압구정서울성형외과의원,서울 강남구,,02-547-5100,http://asps.co.kr,,,,,
cbcb8a67,info@nups.co.kr,엔유성형외과의원,서울 은평구,,02-359-0120,https://www.nuplasticsurgery.com,,,,,
7fb82f96,mkclinic@mk-clinic.co.kr,엠케이성형외과의원,서울 강남구,,545-2299,http://www.mk-clinic.co.kr/,,,,,
0bc6b9e3,ysbonent@gmail.com,연세본이비인후과의원,서울 은평구,,02-6398-2331,https://www.ysbonent.com/,,,,,
29ec4323,ysenb@naver.com,연세이앤비성형외과의원,서울 강남구,,02-514-2252,http://www.ysenb.co.kr/,,,,,
40e08f48,lee@yejinps.co.kr,예진성형외과의원,서울 강남구,,02-514-9700,http://www.yejinps.co.kr,,,,,
c0c2cd57,omprs3332@gmail.com,오엠성형외과의원,서울 서초구,,02-541-3332,http://www.omprs.com/,,,,,
785d9564,omps0201@naver.com,오엠성형외과의원,서울 서초구,,02-541-3332,http://www.omprs.com/,,,,,
122962cc,operaps@naver.com,오페라성형외과의원,서울 서초구,,564-4300,http://www.operasurgery.co.kr,,,,,
57a9c788,oliveclinic@naver.com,올리브성형외과의원,서울 강남구,,02-516-3323,http://www.oliveclinic.com/,,,,,
97f70e2c,uvom@uvom.com,유봄성형외과의원,서울 강남구,,02-545-3700,http://www.uvom.com/,,,,,
959b9589,ueprs@naver.com,유이성형외과의원,서울 강남구,,02-516-6160,http://www.ueprs.com/,,,,,
e376f832,retrodb@icloud.com,유재욱재활의학과의원,서울 강남구,,02-514-4375,http://www.prolo.kr,,,,,
0ec27571,1942yesps@naver.com,윤은성성형외과의원,서울 강남구,,02-518-2380,http://www.dryesamen.com,,,,,
b8d31af5,jin1748@naver.com,이진호성형외과의원,서울 서초구,,02-552-4999,http://www.e-jinho.com,,,,,
6cb1d2ed,manlee123@naver.com,이희문성형외과의원,서울 강남구,,02-518-6555,http://www.eyemagic.co.kr/,,,,,
0adc0828,ittemps@ittemps.kr,잇템성형외과의원,서울 강남구,,0507-1469-9334,http://www.ittemps.kr?src=text&kw=0001D6,,,,,
fedc0b31,jwbeauty.m2@gmail.com,제이더블유(JW)정원성형외과의원,서울 강남구,,541-5114,http://www.jwbeauty.com,,,,,
308ff51e,jewelryps2010@gmail.com,쥬얼리성형외과의원,서울 강남구,,0507-1438-2711,http://www.jewelryps.kr/,,,,,
4f1a28a7,puregold@1stbutton.com,첫단추의원,서울 서초구,,02-518-3800,http://www.1stbutton.com,,,,,
c6484705,cjcosmetic@gmail.com,청담씨제이성형외과의원,서울 강남구,,02-3446-0018,http://www.cjcosmetic.com,,,,,
9aaa65d3,md.care@hanmail.net,청담지움성형외과의원,서울 강남구,,02-578-8275,http://eazium.co.kr,,,,,
26be62be,hskimmdcara@naver.com,카라성형외과의원,서울 강남구,,02-516-8095,http://kimhyunsoo.co.kr/,,,,,
8fc57c72,comfortps@naver.com,컴포트성형외과의원,서울 강남구,,02-557-0775,http://www.comfortps.co.kr/,,,,,
aee869ec,kowon@kowonps.com,코원성형외과의원,서울 강남구,,02-6242-7080,https://kowonps.com/,,,,,
02a9f7a9,cocoblue@cocoline.co.kr,코코라인의원,서울 강남구,,02-540-2500,https://www.cocoline.co.kr/,,,,,
bb20b8e9,cocoi5675@naver.com,코코아이성형외과의원,서울 강서구,,02-2661-5675,http://www.cocoi.co.kr,,,,,
ee389c51,topclassprs1@gmail.com,탑클래스성형외과의원,서울 강남구,,02-567-3456,http://www.topps.co.kr/,,,,,
da168b77,tailor@tailorps.com,테일러성형외과의원,서울 강남구,,02-543-7020,http://tailorps.com,,,,,
8458277d,tiana@naver.com,티아나성형외과의원,서울 강남구,,02-552-7744,https://www.tiana.co.kr,,,,,
b3b481c9,help@tsprs.com,티에스성형외과의원,서울 강남구,,02-512-7580,http://www.tsprs.com/,,,,,
414f0ffc,topsurgery21@naver.com,티오피성형외과의원,서울 서초구,,02-545-8700,http://www.topsurgery.co.kr/,,,,,
b4d52567,patimajo@naver.com,파티마의원,서울 영등포구,,02-2632-4082,https://파티마성형외과.com,,,,,
070fec3f,profile_ps@naver.com,프로필성형외과의원,서울 강남구,,542-2500,https://youtube.com/@changeon,,,,,
b9d029cf,plannerps@naver.com,플래너성형외과의원,서울 서초구,,02-599-1777,http://www.plannerps.com/,,,,,
2fc9eab0,hivom84@gmail.com,하이봄성형외과의원,서울 서초구,,02-512-3322,https://highvom.com/,,,,,
9323dc6f,hersheps@hanmail.net,허쉬성형외과의원,서울 강남구,,546-9400,http://www.hershe9.co.kr,,,,,
ac515eee,bomgaeul@gmail.com,홍성철성형외과의원,서울 강남구,,542-2434,http://www.hairgraft.co.kr,,,,,
91ca3c75,hse6026@daum.net,홍승업성형외과의원,서울 강남구,,730-7320,http://www.drhongps.com/,,,,,
07e06908,hse6026@hanmail.net,홍승업성형외과의원,서울 강남구,,730-7320,http://www.drhongps.com/,,,,,
71c70c66,sahtre@naver.com,삼육서울병원,서울 동대문구,,02-2244-0191,http://www.symcs.co.kr,,,,,
4b71a7fc,symcirb@naver.com,삼육서울병원,서울 동대문구,,02-2244-0191,http://www.symcs.co.kr,,,,,
7b75f6a1,krc301@redcross.or.kr,서울적십자병원,서울 종로구,,02-2002-8000,https://www.rch.or.kr/web/rchseoul/main/,,,,,
58da409d,master@rch.or.kr,서울적십자병원,서울 종로구,,02-2002-8000,https://www.rch.or.kr/web/rchseoul/main/,,,,,
36c8f880,insa@hanilmed.net,의료법인한전의료재단 한일병원,서울 도봉구,,02-901-3114,http://www.kepcomedi.co.kr,,,,,
fcd67ebf,swer@paik.ac.kr,인제대학교 상계백병원,서울 노원구,,02-950-1114,http://www.paik.ac.kr/sanggye,,,,,
93ee93e7,hi_webmaster@hallym.or.kr,한림대학교 강남성심병원,서울 영등포구,,02-829-5114,http://kangnam.hallym.or.kr,,,,,
8fdc6461,hk_webmaster@hallym.or.kr,한림대학교 한강성심병원,서울 영등포구,,02-2639-5114,http://hangang.hallym.or.kr,,,,,
0e4db53f,swhan123@chamc.co.kr,차의과학대학교 강남차병원,서울 강남구,,02-3468-3000,http://gangnam.chamc.co.kr,,,,,
8d5dc1ac,kwak@insang.xyz,라메종의원,세종시 세종시,,044-715-7878,https://lamaison.clinic/,,,,,
c5b97aa6,lamaisonclinic503@gmail.com,라메종의원,세종시 세종시,,044-715-7878,https://lamaison.clinic/,,,,,
891d3988,contact@bricksderma.com,브릭스피부과의원,세종시 세종시,,044-715-7587,https://www.bricksderma.com,,,,,
6d373e01,sejongtheareum@naver.com,연세더아름의원,세종시 세종시,,044-715-7911,http://theareumclinic.co.kr,,,,,
16e681d7,dwmedream@naver.com,웰에스테의원,세종시 세종시,,044-863-8271,http://www.medream.co.kr/,,,,,
575d7200,perfectviewman@naver.com,유스앤영서울뷰의원,세종시 세종시,,044-715-5199,https://seoulviewsejong.imweb.me,,,,,
2817a4f4,sjfirst01@naver.com,퍼스트아이소아청소년과의원,세종시 세종시,,044-905-1110,http://www.firsti.kr,,,,,
010cb75f,scm0129@hanmail.net,서문365정형외과의원,세종시 세종시,,044-868-1039,http://sm365.koreasmc.co.kr/,,,,,
18dfc5ed,khdh0411@naver.com,경희동행한의원 수유,서울특별시 강북구,피부과,,http://khdhhani1.com/,,,,,
4e9cac72,alexander89k@naver.com,본라인한의원 가산,서울특별시 금천구,피부과,,http://boneline.kr,,,,,
982c1510,hyumc50@gmail.com,한양대학교병원,서울특별시 성동구,피부과,,https://youtube.com/user/HYUnivMedical,,,,,
aee0cf4c,chsnuh@gmail.com,서울대학교병원,서울특별시 종로구,피부과,,https://www.youtube.com/@snuhtv,,,,,
e747631a,minhoo.lee@samsung.com,강북삼성병원,서울특별시 종로구,피부과,,https://youtube.com/channel/UClp4EdAwhySzqnMWjKnh0gw,,,,,
73e56975,admin@saamdang.com,사암당한의원 중랑점,서울특별시 중랑구,피부과,,http://www.saamdang.com,,,,,
658ab7b6,bluehillcl@naver.com,청구경희한의원 면목,서울특별시 중랑구,피부과,,https://myeonmok.bluehillclinic.com,,,,,
d14f85da,nubebecs@nubebe.com,누베베한의원 분당,경기도 성남시,피부과,,https://www.nubebe.com,,,,,
7dbbce57,lucidsy85@naver.com,에미뜨의원 동탄,경기도 화성시,피부과,,http://emitclinic.com,,,,,
7d695930,bem21c@naver.com,싱싱한의원 의정부,경기도 의정부시,피부과,,http://www.singsinghani.com,,,,,
4ed14899,miollin2424@naver.com,미올린의원 시흥,경기도 시흥시,피부과,,https://booking.naver.com/booking/13/bizes/1249583,,,,,
23617220,siaclinicgm@gmail.com,시아의원 광명,경기도 광명시,피부과,,https://gwangmyeong.sia-clinic.com/,,,,,
de4b7b7d,stroke2420@gmail.com,경기광주S한의원,경기도 광주시,피부과,,https://www.youtube.com/@%EA%B2%BD%EA%B8%B0%EA%B4%91%EC%A3%BCS%ED%95%9C%EC%9D%98%EC%9B%90,,,,,
30651679,linehard@hanmail.net,도담한의원 군포산본,경기도 군포시,피부과,,http://www.dodamclinic.co.kr/,,,,,
9c376672,elintc@naver.com,하우림한의원 산본,경기도 군포시,피부과,,https://youtube.com/@painfairy23,,,,,
b6493236,skinart1004@naver.com,서울미라클피부과의원,경기도 하남시,피부과,,http://www.smiracleskin.com,,,,,
0875147c,happytaegyo@naver.com,해성산부인과의원,경기도 동두천시,피부과,,https://www.youtube.com/user/HappyBirth119,,,,,
4f9aec58,office@clinichplus.com,에이치플러스 양지병원,서울특별시 관악구,성형외과,,http://www.newyjh.com/,,,,,
ef4f9c63,nikssuwon@gmail.com,닉스의원 수원,경기도 수원시,성형외과,,http://suwon.niksclinic.co.kr/,,,,,
680093b8,selfishdocto@naver.com,맑고고운의원 용인점,경기도 용인시,성형외과,,http://yi-pureclinic.co.kr/,,,,,
2dc3a308,m1073@shhosp.co.kr,시화병원,경기도 시흥시,성형외과,,http://www.shhosp.co.kr,,,,,
49fb36a4,shhosp7000@naver.com,시화병원,경기도 시흥시,성형외과,,http://www.shhosp.co.kr,,,,,
c69294df,lbeautyclinic@naver.com,엘뷰티의원,경기도 시흥시,성형외과,,http://lbeautyclinic.co.kr/,,,,,
d7c05bde,hangbokhanna@naver.com,서울여성병원,경기도 김포시,성형외과,,http://www.swhospital.co.kr/,,,,,
ce30115a,miollin2@naver.com,미올린의원 오산,경기도 오산시,성형외과,,https://booking.naver.com/booking/13/bizes/691625,,,,,
28eb5bb4,cdmodelps@gmail.com,청담모델성형외과의원,경기도 이천시,성형외과,,http://www.modelps.com,,,,,
326d80f4,magelan@dreamwiz.com,백외과의원 구리역,경기도 구리시,성형외과,,http://www.baekhospital.com/,,,,,
d6911899,hmc119@hyumc.com,한양대학교구리병원,경기도 구리시,성형외과,,http://guri.hyumc.com/,,,,,
f1226dd1,1260abc@naver.com,삼성신경정신과의원,경기도 여주시,성형외과,,http://www.samsung-clinic.kr/,,,,,
672325ca,hye505@naver.com,보셀르의원,경기도 양평군,성형외과,,https://www.ypbocelle.com/,,,,,
390a73d7,ntrhko@ntrh.or.kr,국립교통재활병원,경기도 양평군,성형외과,,http://www.ntrh.or.kr,,,,,
6712d1c5,meclinic_g2@naver.com,VS라인의원 강남점,서울특별시 강남구,피부과,,http://vsline2.co.kr,,,,,
8fd88e91,help@weedahm.com,위담한방병원,서울특별시 강남구,피부과,,http://www.weedahm.com/,,,,,
f5ad2eac,essentialclinic2025@gmail.com,에센셜의원,서울특별시 서초구,피부과,,https://www.essentialclinic.co.kr/,,,,,
bf685c2c,theomclinic@naver.com,일상의한의원,서울특별시 서초구,피부과,,https://myusualclinic.com/,,,,,
14c30a36,hyunjungc91@gmail.com,베러미의원 잠실,서울특별시 송파구,피부과,,https://jamsil.bettermeclinic.co.kr/,,,,,
bf2b505f,shhcancer@naver.com,서울힐링요양병원,서울특별시 송파구,피부과,,http://www.seoulhealinghospital.co.kr,,,,,
8f8a9e74,ntalmoknowledge@gmail.com,발머스한의원 잠실,서울특별시 송파구,피부과,,https://www.youtube.com/@talmo3,,,,,
6ef487bc,chuckshin22@naver.com,척신한의원,서울특별시 송파구,피부과,,https://www.chuckshin.co.kr/,,,,,
b0f6aff2,cvlklinik7301@naver.com,CVL의원,서울특별시 마포구,피부과,,http://www.cvlklinik.com/,,,,,
8ec33e70,metaurology@gmail.com,서울메타비뇨의학과의원,서울특별시 마포구,피부과,,https://www.metauro.co.kr,,,,,
53145acc,365tantanhani@gmail.com,365탄탄한의원,서울특별시 영등포구,피부과,,https://365tantan.imweb.me/,,,,,
af8de0f0,daeyoonkm@naver.com,대윤한방병원 영등포,서울특별시 영등포구,피부과,,http://www.daeyoonkm.co.kr,,,,,
65e9085c,zebie@naver.com,빛울림한의원,서울특별시 종로구,피부과,,http://bitullim.com/,,,,,
aef6c747,boneline8@naver.com,본라인한의원 을지로,서울특별시 종로구,피부과,,http://www.boneline.kr/theme/s007/index/boneline_03_view.php?wr_id=8,,,,,
95dcf0f1,yirimhani@naver.com,이림한의원 서울시청점,서울특별시 중구,피부과,,https://booking.naver.com/booking/13/bizes/269616,,,,,
719dcb0a,gopront10@naver.com,까치한의원 강서구,서울특별시 강서구,피부과,,https://choidoctor.com/,,,,,
e2e1e095,hojclinic@naver.com,해온정한의원,서울특별시 강서구,피부과,,https://hojclinic.com,,,,,
563ee884,blue5814@naver.com,애플산부인과의원 신림점,서울특별시 관악구,피부과,,https://booking.naver.com/booking/13/bizes/450013,,,,,
7f44c67c,jin3939@naver.com,바를정 한방병원,서울특별시 관악구,피부과,,https://barrrjung-hospital.co.kr/,,,,,
6d965664,chan6708@naver.com,어성초한의원,서울특별시 관악구,피부과,,https://eosungcho.imweb.me/,,,,,
3e281705,tnf17@naver.com,톡스앤필의원 강동천호,서울특별시 강동구,피부과,,https://booking.naver.com/booking/13/bizes/553160,,,,,
aa5abb10,admin@maeil365.kr,강동길동 매일365한의원,서울특별시 강동구,피부과,,http://www.maeil365.kr/,,,,,
ff367fc5,purple-wave@naver.com,강동길동 매일365한의원,서울특별시 강동구,피부과,,http://www.maeil365.kr/,,,,,
d514908d,koreailsun3@hanmail.net,강동다나365한의원,서울특별시 강동구,피부과,,http://dana365.co.kr/,,,,,
1a51e714,odamaster00@gmail.com,오다한의원 둔촌,서울특별시 강동구,피부과,,https://dc.odamd.com/,,,,,
f366a23d,cjle0317@hanmail.net,조정래한의원,서울특별시 강동구,피부과,,http://조정래한의원.com/,,,,,
f4820e0d,wei1211@naver.com,송가한의원,서울특별시 용산구,피부과,,https://booking.naver.com/booking/13/bizes/1163916,,,,,
54bc5cb3,steadylong@naver.com,365본맥한의원,서울특별시 성북구,피부과,,https://bonmaek.dothome.co.kr/,,,,,
375548e7,egoettu@gmail.com,365봄한의원,서울특별시 은평구,피부과,,http://www.365bom.com/default/sub3/sub01.php,,,,,
a6f0223f,gotaret@gmail.com,포레스트피부과의원,서울특별시 양천구,피부과,,https://forestskin.co.kr,,,,,
c67b3c4c,ahyunjae7680@gmail.com,아현재한의원,서울특별시 양천구,피부과,,https://ahyunjae.com/,,,,,
f8c3a44d,baroyou@mail.com,바로유한의원 중랑면목동,서울특별시 중랑구,피부과,,http://www.baroyou.net/,,,,,
9c570d12,healingin@naver.com,내몸사랑한의원,경기도 수원시,피부과,,https://www.youtube.com/@Dr.kangTV,,,,,
ddfe8b56,nhealingin@naver.com,내몸사랑한의원,경기도 수원시,피부과,,https://www.youtube.com/@Dr.kangTV,,,,,
28e9ec70,saintmary06@naver.com,세인트마리여성병원,경기도 수원시,피부과,,http://www.saintmary.kr/,,,,,
5ea00092,stmary02@naver.com,세인트마리여성병원,경기도 수원시,피부과,,http://www.saintmary.kr/,,,,,
37b3be91,yeonojae@naver.com,연오재한의원,경기도 고양시,피부과,,https://booking.naver.com/booking/13/bizes/889913,,,,,
dfb29db6,ilsanbaro@naver.com,일산바로한의원,경기도 고양시,피부과,,http://www.ilsanbaro.com/,,,,,
a287778e,mihana111@naver.com,용인미하나의원,경기도 용인시,피부과,,http://www.mi1.co.kr/,,,,,
dc5404f7,arneclinic.korea@gmail.com,아르네의원,경기도 안산시,피부과,,https://arne-clinic.com/,,,,,
79bd1cfd,reyoung@gmail.com,리영의원,서울특별시 송파구,성형외과,,http://www.reyoung.co.kr,,,,,
713d7d33,zue@k.dk,강동성심병원,서울특별시 강동구,성형외과,,http://www.kdh.or.kr,,,,,
5c836df0,drsun7500@naver.com,닥터선의원,서울특별시 용산구,성형외과,,http://drsunclinic.co.kr/,,,,,
dbb39620,bestpsclinic@naver.com,체리성형외과의원,서울특별시 서대문구,성형외과,,http://www.cherryps.com,,,,,
51c20e93,jmb1119@hih.or.kr,홍익병원,서울특별시 양천구,성형외과,,https://www.hih.or.kr/,,,,,
dbc30d18,whryaos@naver.com,고은미인의원,경기도 수원시,성형외과,,http://www.gounmiin.co.kr/,,,,,
3f0a00a2,tatoawirye@naver.com,타토아의원 위례,경기도 성남시,성형외과,,http://tatoawi.co.kr,,,,,
0c923e76,ssfmc@hanmail.net,미앤아이의원 성남,경기도 성남시,성형외과,,http://www.sn-meiclinic.co.kr/,,,,,
e2c396fe,i6043@paik.ac.kr,인제대학교일산백병원,경기도 고양시,성형외과,,http://www.paik.ac.kr/ilsan/,,,,,
2b541b0b,turtlefo@hanmail.net,베르나르의원,경기도 용인시,성형외과,,http://www.bernard.co.kr/,,,,,
c2588fac,youyou531@hanmail.net,한나이브성형외과의원,경기도 안양시,성형외과,,http://beautifuleve.co.kr/main/,,,,,
cdbe35f3,1purum@gmail.com,푸름외과의원,서울특별시 강북구,피부클리닉,,http://www.purumveinclinic.com/,,,,,
ac7bf736,lovecure@hanmail.net,동의보감한의원,서울특별시 관악구,피부클리닉,,http://www.greencare365.com/,,,,,
bb229752,seongho0717@naver.com,경희오늘한의원,서울특별시 노원구,피부클리닉,,https://oneul.quv.kr/,,,,,
9472df78,angel_i_ped@naver.com,엔젤 i 의원,서울특별시 도봉구,피부클리닉,,https://angel-i.net,,,,,
e14ead82,iohoon@naver.com,아침한의원,서울특별시 종로구,피부클리닉,,http://www.damiindiet.com/,,,,,
bddf568b,jeongonhani@gmail.com,정온한의원,경기도 남양주시,피부클리닉,,https://sites.google.com/view/jeongon,,,,,
5b8e172a,kmedjin@naver.com,고운몸한의원 평택,경기도 평택시,피부클리닉,,https://booking.naver.com/booking/13/bizes/261324?area=pll,,,,,
56bc89bc,official@woorimediclinic.kr,우리메디의원,경기도 평택시,피부클리닉,,https://www.woorimediclinic.kr,,,,,
48c1dd80,uoneclinic@naver.com,유원의원,경기도 의정부시,피부클리닉,,http://www.uoneclinic.com/,,,,,
bdc1a655,ahaped12@naver.com,아하소아청소년과의원,경기도 광주시,피부클리닉,,https://ahaped-mo.imweb.me,,,,,
3cf5c05a,easyclinic365@naver.com,하남e편한메디컬의원,경기도 하남시,피부클리닉,,https://sites.google.com/view/easyclinic-365,,,,,
db8b8d59,em365dongtan@gmail.com,동탄이엠365의원,경기도 화성시,피부클리닉,,https://www.em365dongtan.co.kr/,,,,,
a69a3d8f,dltmfrl621@naver.com,스위스의원,경기도 수원시,성형클리닉,,http://www.swissbeauty.co.kr,,,,,
